,matchId,contestantId,timeMin,timeMinSec,type,scorerId
0,16ziqpcwrfxykpgdo1cz3oj6c,4y5xl8r1nkg1n9hnjzo53v8xk,41,40:58,G,51mu62nt2yufzzi9qt45e3cnp
1,16ziqpcwrfxykpgdo1cz3oj6c,4y5xl8r1nkg1n9hnjzo53v8xk,57,56:46,G,5io2106rxpshzsc39qigm1nth
2,16ziqpcwrfxykpgdo1cz3oj6c,59d4d2m78t2lqabd1m7o90std,76,75:39,G,1udhwk2qkh23pl0vykuj8m7rp
3,16ziqpcwrfxykpgdo1cz3oj6c,4y5xl8r1nkg1n9hnjzo53v8xk,83,82:47,G,dzvs8zk8j4rgbda6thqtserfu
4,e9hmyaml8l8lvehcm4vtgffxm,1iy5a1mzucfenathcnlhmp95a,5,4:59,G,euhin21cqzflsv1vcedt7ew2d
5,e9hmyaml8l8lvehcm4vtgffxm,cpqaizhc99tbsqm6h2cgampio,14,13:35,OG,brygiblt5qpvwqyxp8plebc9h
6,e9hmyaml8l8lvehcm4vtgffxm,cpqaizhc99tbsqm6h2cgampio,21,20:35,G,6ovbzzxyqz4b17scxmkisnvth
7,e9hmyaml8l8lvehcm4vtgffxm,1iy5a1mzucfenathcnlhmp95a,43,42:01,G,5m7gtqlmb66jcwhqmfebt46vp
8,e9hmyaml8l8lvehcm4vtgffxm,cpqaizhc99tbsqm6h2cgampio,50,49:21,PG,748h26tk6u48g3iwpcwjsbe8l
9,e9hmyaml8l8lvehcm4vtgffxm,1iy5a1mzucfenathcnlhmp95a,54,54:00,G,65udjcug6sgbcb0wtuvbixu51
10,e9hmyaml8l8lvehcm4vtgffxm,cpqaizhc99tbsqm6h2cgampio,66,65:21,G,2mv48xbwjnyqclrsgn2oedtjp
11,e9hmyaml8l8lvehcm4vtgffxm,cpqaizhc99tbsqm6h2cgampio,97,96:38,PG,72s5nyjuxb6ydlq4kdybz3get
12,35uxmvta1p7xfwsj4de7w16cq,7gkwmrw0cjz0m168ouw00z4gy,14,13:25,G,d3swiv7qjcdrnf2i6y5egz6qd
13,35uxmvta1p7xfwsj4de7w16cq,8rpjhpm2j1q7p40zfmlqpj8am,51,50:29,G,50pzs8ih772n4u1dvuquf05w5
14,35uxmvta1p7xfwsj4de7w16cq,7gkwmrw0cjz0m168ouw00z4gy,65,64:13,G,4s0cgwchahxqfowf7v1edb5cl
15,35uxmvta1p7xfwsj4de7w16cq,8rpjhpm2j1q7p40zfmlqpj8am,81,80:18,G,ea0e11ky6morei5ajpeamfwmh
16,35uxmvta1p7xfwsj4de7w16cq,7gkwmrw0cjz0m168ouw00z4gy,92,91:25,G,bhu3hiq2ln2cso48ndqe17bvt
17,2llzoi9rg31t76n45t85znlzo,bd1veyn5g4r8zbaquf8b8pksp,7,6:19,G,dcwh4wtli8nm8jzmmbe8q9xx
18,2llzoi9rg31t76n45t85znlzo,4y5xl8r1nkg1n9hnjzo53v8xk,26,25:31,G,5io2106rxpshzsc39qigm1nth
19,2llzoi9rg31t76n45t85znlzo,bd1veyn5g4r8zbaquf8b8pksp,49,48:45,G,dy08mj43eioa2zt491zm965ii
20,2llzoi9rg31t76n45t85znlzo,4y5xl8r1nkg1n9hnjzo53v8xk,52,51:16,G,51mu62nt2yufzzi9qt45e3cnp
21,e483wx49hik12tglkjcj3z4ve,7gkwmrw0cjz0m168ouw00z4gy,46,45:17,G,7qinj1hp24xlzrp40lji1r3rp
22,e483wx49hik12tglkjcj3z4ve,9dqkgu00tn42928lrrxlis95a,48,47:48,G,3kgj8qv3krm0g4u8eidfdw0r9
23,e483wx49hik12tglkjcj3z4ve,9dqkgu00tn42928lrrxlis95a,51,50:46,G,dhy4u5ea6vtob2g2ugvzrn93p
24,e483wx49hik12tglkjcj3z4ve,7gkwmrw0cjz0m168ouw00z4gy,72,71:11,PG,3k8wr5chjtaakdyyftcqpak0l
25,6yulwht5v41j7ks1pd8jgc296,4y5xl8r1nkg1n9hnjzo53v8xk,66,65:17,PG,51mu62nt2yufzzi9qt45e3cnp
26,6yulwht5v41j7ks1pd8jgc296,bd1veyn5g4r8zbaquf8b8pksp,76,75:08,G,755nyk97op1dyuqql7ip8t08a
27,6yulwht5v41j7ks1pd8jgc296,bd1veyn5g4r8zbaquf8b8pksp,89,88:36,PG,napvicstt332tuhec6iyx5n9
28,9ojvxqa64pgu8jjuloey2ymwa,8puc16dm0ut6bvv6u6ivpe2ch,84,83:25,G,adh3gj9e2avq8j3ib8kbfjw7p
29,18ygbx2z2q3pesbr1ljpxiru2,eizgmllil1zrzpk6zbue0hl7m,21,20:25,PG,sq3mptpiqr5b85q0jiw12nkl
30,18ygbx2z2q3pesbr1ljpxiru2,59d4d2m78t2lqabd1m7o90std,24,23:01,G,brkd7vi8zwf9oc1xhncco4mei
31,18ygbx2z2q3pesbr1ljpxiru2,59d4d2m78t2lqabd1m7o90std,61,60:38,G,3hwd7jyifs3dei1mhpbdzx68l
32,18ygbx2z2q3pesbr1ljpxiru2,59d4d2m78t2lqabd1m7o90std,64,63:30,G,1udhwk2qkh23pl0vykuj8m7rp
33,18ygbx2z2q3pesbr1ljpxiru2,59d4d2m78t2lqabd1m7o90std,72,71:37,G,as7z3zymiedo4zip710ckhdxx
34,8gqoke3u7ctdhwynfiryu6xp0,4y5xl8r1nkg1n9hnjzo53v8xk,33,32:50,G,59oi89awh1na996h27otd1905
35,8gqoke3u7ctdhwynfiryu6xp0,4y5xl8r1nkg1n9hnjzo53v8xk,86,85:31,G,51mu62nt2yufzzi9qt45e3cnp
36,71urz6or373xk6iwl09hvly0a,cdj7tqbsake4a0ks5pwm23t23,8,7:51,G,epfwjk84jo741igp7fxe4c2qd
37,71urz6or373xk6iwl09hvly0a,cdj7tqbsake4a0ks5pwm23t23,36,35:24,G,5suxy8zywnnbalcujii6srdre
38,9pvq78gijvvhyyc6ujqjf6g6i,bw2py3aiws1rq61pokete3kv2,14,13:53,G,eiedn3v0jovrp94o5gm3aob85
39,9pvq78gijvvhyyc6ujqjf6g6i,2nxp7ufclxwbtaozvx5zj1zym,54,53:58,G,7i7ndyzz4xyarc47kcz2wpped
40,9pvq78gijvvhyyc6ujqjf6g6i,bw2py3aiws1rq61pokete3kv2,70,69:34,G,4zoh16h4bim3680g90nmnfb2t
41,17et6fhgyf6mzhey69rfuhd04,ehsvy9m92bp6ktgoy6pwv8rdm,10,9:41,G,2ir7ctowdenj07bq50l20wq8l
42,17et6fhgyf6mzhey69rfuhd04,1iy5a1mzucfenathcnlhmp95a,46,45:44,G,2ztfs9tfd4ztq5fleycxf11t6
43,17et6fhgyf6mzhey69rfuhd04,1iy5a1mzucfenathcnlhmp95a,64,63:39,OG,6ft1b49m92zwa7y7yqqprm5lh
44,e3vkr08m8zbsa20k90v2gmvsa,2nxp7ufclxwbtaozvx5zj1zym,16,15:47,PG,didi62zdit4vtyfye0qxw7105
45,e3vkr08m8zbsa20k90v2gmvsa,cpqaizhc99tbsqm6h2cgampio,39,38:04,PG,2mv48xbwjnyqclrsgn2oedtjp
46,9oemkgs5xvboxpfmt3b1ffjai,hfu6x1260h62zj7xl6cn95hx,71,70:16,G,b44ryatcd56jc71lloj2u3lcl
47,6xh7e6om0s7btpyvxdqjn8iga,8rpjhpm2j1q7p40zfmlqpj8am,8,7:54,PG,50pzs8ih772n4u1dvuquf05w5
48,6xh7e6om0s7btpyvxdqjn8iga,1zsb1ovzidi8rft1vzw4me71m,16,15:17,G,e9ku3q311eg5t8lrxfcof65m1
49,6xh7e6om0s7btpyvxdqjn8iga,8rpjhpm2j1q7p40zfmlqpj8am,80,79:26,G,50pzs8ih772n4u1dvuquf05w5
50,60mfls8gz3i03rm7ngwt2nsic,7gkwmrw0cjz0m168ouw00z4gy,6,5:24,G,4zi6eeqn2stbyebxwfwqhozx1
51,60mfls8gz3i03rm7ngwt2nsic,1f72vqlndphmzn45x0nhdqk3e,13,12:24,G,2ddf8xxnqz6tehsqw5cg5x0b9
52,60mfls8gz3i03rm7ngwt2nsic,7gkwmrw0cjz0m168ouw00z4gy,28,27:55,G,4zi6eeqn2stbyebxwfwqhozx1
53,60mfls8gz3i03rm7ngwt2nsic,7gkwmrw0cjz0m168ouw00z4gy,32,31:59,G,5hjsl94zct7s9kakzo0avb845
54,60mfls8gz3i03rm7ngwt2nsic,1f72vqlndphmzn45x0nhdqk3e,55,54:57,G,aoz0966dxup25pg67nhvkszx1
55,60mfls8gz3i03rm7ngwt2nsic,7gkwmrw0cjz0m168ouw00z4gy,59,58:05,G,9ng3r1au4q01ixq42sfn9x3h1
56,60mfls8gz3i03rm7ngwt2nsic,1f72vqlndphmzn45x0nhdqk3e,81,80:21,G,egg8yn20s67x5awg9qupjrv9
57,60mfls8gz3i03rm7ngwt2nsic,7gkwmrw0cjz0m168ouw00z4gy,90,89:40,PG,7qinj1hp24xlzrp40lji1r3rp
58,8hlp7dbw7l4qoru8xyhrslhxw,1f72vqlndphmzn45x0nhdqk3e,22,21:32,G,21yxomlpwzh54k7tivw3j457u
59,8hlp7dbw7l4qoru8xyhrslhxw,1f72vqlndphmzn45x0nhdqk3e,24,23:58,G,21yxomlpwzh54k7tivw3j457u
60,8hlp7dbw7l4qoru8xyhrslhxw,hfu6x1260h62zj7xl6cn95hx,65,64:58,PG,9syjo8gdmcsdv5czc1e8w4xxx
61,8hlp7dbw7l4qoru8xyhrslhxw,1f72vqlndphmzn45x0nhdqk3e,100,99:43,G,7xoqoy27popsl2g8irqw9mz85
62,17aseptr0oghkdrecis5a2uqc,9dqkgu00tn42928lrrxlis95a,51,50:34,PG,3kgj8qv3krm0g4u8eidfdw0r9
63,17aseptr0oghkdrecis5a2uqc,1zsb1ovzidi8rft1vzw4me71m,64,63:52,G,1psp77of8z48io79kj56h0ez9
64,17aseptr0oghkdrecis5a2uqc,1zsb1ovzidi8rft1vzw4me71m,96,95:29,PG,bvi7qxhjj54wje1qm709065ed
65,e9axi9mf196lpaqeizu8nbqlm,7gkwmrw0cjz0m168ouw00z4gy,86,85:49,G,3k8wr5chjtaakdyyftcqpak0l
66,6102amel9f7hdouijnqtxtlas,1iy5a1mzucfenathcnlhmp95a,28,27:34,G,euhin21cqzflsv1vcedt7ew2d
67,6102amel9f7hdouijnqtxtlas,4y5xl8r1nkg1n9hnjzo53v8xk,56,55:08,G,5io2106rxpshzsc39qigm1nth
68,6xz3yiwldqt1w7aqvq1xeicmi,7gkwmrw0cjz0m168ouw00z4gy,26,25:47,G,d3swiv7qjcdrnf2i6y5egz6qd
69,6xz3yiwldqt1w7aqvq1xeicmi,1f72vqlndphmzn45x0nhdqk3e,35,34:57,PG,8davjer5vpeg0pa07h5mszzyt
70,6xz3yiwldqt1w7aqvq1xeicmi,7gkwmrw0cjz0m168ouw00z4gy,45,44:07,G,7qinj1hp24xlzrp40lji1r3rp
71,6xz3yiwldqt1w7aqvq1xeicmi,7gkwmrw0cjz0m168ouw00z4gy,79,78:33,G,7qinj1hp24xlzrp40lji1r3rp
72,6xz3yiwldqt1w7aqvq1xeicmi,1f72vqlndphmzn45x0nhdqk3e,92,91:46,G,1pxq5s6wcmaf31abep37buz85
73,9otzyoawtogytbhzdg1jyjlnu,7gkwmrw0cjz0m168ouw00z4gy,26,25:07,PG,3k8wr5chjtaakdyyftcqpak0l
74,9otzyoawtogytbhzdg1jyjlnu,7gkwmrw0cjz0m168ouw00z4gy,37,36:22,G,7qinj1hp24xlzrp40lji1r3rp
75,9otzyoawtogytbhzdg1jyjlnu,4wb893al733feakm9teqqqnlg,48,47:09,G,c8kksze0li7ndudwsxusykamt
76,9otzyoawtogytbhzdg1jyjlnu,7gkwmrw0cjz0m168ouw00z4gy,61,60:52,G,d3swiv7qjcdrnf2i6y5egz6qd
77,bf2bjt3l2nkkesrykjnkd66ay,hfu6x1260h62zj7xl6cn95hx,75,74:07,G,cqukkxc9c4iowy3tydreue7rp
78,2lt3n7w69agx5dtse95x4q2ac,8rpjhpm2j1q7p40zfmlqpj8am,82,81:36,G,b9b44wsl4d24yps6luijnhgix
79,e3zaw2rsfywquz83q5hhubxwq,cdj7tqbsake4a0ks5pwm23t23,22,21:20,G,epfwjk84jo741igp7fxe4c2qd
80,e3zaw2rsfywquz83q5hhubxwq,1iy5a1mzucfenathcnlhmp95a,48,47:21,G,5m7gtqlmb66jcwhqmfebt46vp
81,e3zaw2rsfywquz83q5hhubxwq,1iy5a1mzucfenathcnlhmp95a,55,54:41,G,65udjcug6sgbcb0wtuvbixu51
82,e3zaw2rsfywquz83q5hhubxwq,1iy5a1mzucfenathcnlhmp95a,81,80:24,G,5m7gtqlmb66jcwhqmfebt46vp
83,70sp712dzozu83zn19ndxgktm,1iy5a1mzucfenathcnlhmp95a,57,56:07,G,5m7gtqlmb66jcwhqmfebt46vp
84,70sp712dzozu83zn19ndxgktm,4y5xl8r1nkg1n9hnjzo53v8xk,62,61:28,G,97gp4aptxwufrcjui83bp9qs5
85,70sp712dzozu83zn19ndxgktm,1iy5a1mzucfenathcnlhmp95a,71,70:07,G,dtck8v3ab0lysshn7yd0bvjs9
86,70sp712dzozu83zn19ndxgktm,1iy5a1mzucfenathcnlhmp95a,93,92:26,PG,b9zm1s1sjespi01z9v3bwnkr9
87,70sp712dzozu83zn19ndxgktm,4y5xl8r1nkg1n9hnjzo53v8xk,97,96:21,PG,51mu62nt2yufzzi9qt45e3cnp
88,6yp59qgbocjekewamezodeiju,eizgmllil1zrzpk6zbue0hl7m,18,17:43,G,7oqj9f7v7ev94cll5wq1u2h1x
89,6yp59qgbocjekewamezodeiju,9dqkgu00tn42928lrrxlis95a,22,21:39,G,bm5597reki0q7wci85322cixh
90,35obr9fepwmogw4nbakmxa2vo,1iy5a1mzucfenathcnlhmp95a,6,5:39,G,5m7gtqlmb66jcwhqmfebt46vp
91,35obr9fepwmogw4nbakmxa2vo,1iy5a1mzucfenathcnlhmp95a,43,42:35,G,b9zm1s1sjespi01z9v3bwnkr9
92,35obr9fepwmogw4nbakmxa2vo,1iy5a1mzucfenathcnlhmp95a,49,48:53,G,5m7gtqlmb66jcwhqmfebt46vp
93,35obr9fepwmogw4nbakmxa2vo,hfu6x1260h62zj7xl6cn95hx,54,53:43,G,cb0h8bwynp5m7ijxiem6xtsyx
94,35obr9fepwmogw4nbakmxa2vo,hfu6x1260h62zj7xl6cn95hx,67,66:33,G,cb0h8bwynp5m7ijxiem6xtsyx
95,71jxvrc1ooae2mjmljls44aju,eizgmllil1zrzpk6zbue0hl7m,29,28:46,G,8jiug6aq1plhdoc07u3fem6l1
96,71jxvrc1ooae2mjmljls44aju,eizgmllil1zrzpk6zbue0hl7m,44,43:26,G,7oqj9f7v7ev94cll5wq1u2h1x
97,71jxvrc1ooae2mjmljls44aju,eizgmllil1zrzpk6zbue0hl7m,83,82:46,G,6ux0eepmo87ypark4owl95b6d
98,71jxvrc1ooae2mjmljls44aju,eizgmllil1zrzpk6zbue0hl7m,94,93:35,G,888s3939roy7s3aq01ehh5vpx
99,e9181nqzwbsc9ay94j8z0xkkq,cdj7tqbsake4a0ks5pwm23t23,29,28:27,G,r2qjdlnjtjagkm5m1v1ulck5
100,e9181nqzwbsc9ay94j8z0xkkq,cdj7tqbsake4a0ks5pwm23t23,51,50:09,G,epfwjk84jo741igp7fxe4c2qd
101,e9181nqzwbsc9ay94j8z0xkkq,8puc16dm0ut6bvv6u6ivpe2ch,79,78:08,G,em2957qngzi3thmrksunwe9qt
102,e9181nqzwbsc9ay94j8z0xkkq,8puc16dm0ut6bvv6u6ivpe2ch,89,88:28,G,drtoqm93lulssafz5z6rpavv9
103,6ycf7lvmrxbmwgdt933n6xw16,bw2py3aiws1rq61pokete3kv2,53,52:27,G,b3gzwpdhc43oz9u4ihkqgug2d
104,6ycf7lvmrxbmwgdt933n6xw16,cpqaizhc99tbsqm6h2cgampio,60,59:22,G,748h26tk6u48g3iwpcwjsbe8l
105,6ycf7lvmrxbmwgdt933n6xw16,cpqaizhc99tbsqm6h2cgampio,82,81:19,PG,2mv48xbwjnyqclrsgn2oedtjp
106,6z0obwx9bj45vvmfcms5x1x0q,1f72vqlndphmzn45x0nhdqk3e,38,37:41,PG,2ddf8xxnqz6tehsqw5cg5x0b9
107,6z0obwx9bj45vvmfcms5x1x0q,1f72vqlndphmzn45x0nhdqk3e,45,44:56,G,8davjer5vpeg0pa07h5mszzyt
108,6z0obwx9bj45vvmfcms5x1x0q,1f72vqlndphmzn45x0nhdqk3e,54,53:39,G,8q8f0c9hgtv9ibnkburojxyp5
109,6z0obwx9bj45vvmfcms5x1x0q,1f72vqlndphmzn45x0nhdqk3e,91,90:44,G,2ddf8xxnqz6tehsqw5cg5x0b9
110,24t4j91j08jwqua5w8c8t69gq,4wb893al733feakm9teqqqnlg,11,10:43,G,2mg31e4otqxsqhnsmbhphu0ut
111,24t4j91j08jwqua5w8c8t69gq,4y5xl8r1nkg1n9hnjzo53v8xk,23,22:03,G,a7twiics4lxbx3cmji98he2fp
112,70mvvny3df877fwgwzj6cwne2,4wb893al733feakm9teqqqnlg,56,55:16,G,4amvjmzixl30pg91ep6b9xhx
113,8gkyitpbqu4gncbasn4y845qs,4wb893al733feakm9teqqqnlg,14,13:25,G,gr9yavamkh4wlc9tk0x4355h
114,8gkyitpbqu4gncbasn4y845qs,4wb893al733feakm9teqqqnlg,66,65:07,G,34x6eabrx5t9one9q6ifwtyp5
115,8gg6o7zfkx7mz7vq1xn82m238,8rpjhpm2j1q7p40zfmlqpj8am,18,17:42,G,95pzzekgfm9589ip2fomr3lxx
116,8gg6o7zfkx7mz7vq1xn82m238,bd1veyn5g4r8zbaquf8b8pksp,50,49:28,G,ch24btk29fxkdm14rzea7igdm
117,8gg6o7zfkx7mz7vq1xn82m238,8rpjhpm2j1q7p40zfmlqpj8am,53,52:30,G,4lavermlnoyl8wqjkwpx5uytx
118,8gg6o7zfkx7mz7vq1xn82m238,bd1veyn5g4r8zbaquf8b8pksp,82,81:14,G,5ubpbn6j49ob3rmfq4ac356tx
119,18ofwh6krv57uot3vmtym6iqy,4y5xl8r1nkg1n9hnjzo53v8xk,27,26:26,G,de4yoz1uwu3b99x2af0pw85bd
120,18ofwh6krv57uot3vmtym6iqy,9dqkgu00tn42928lrrxlis95a,71,70:19,PG,eueky9584m8m3qselgg3be4et
121,18ofwh6krv57uot3vmtym6iqy,9dqkgu00tn42928lrrxlis95a,93,92:46,G,dhy4u5ea6vtob2g2ugvzrn93p
122,6yilqf9wqaytloo1ufvvems8a,1zsb1ovzidi8rft1vzw4me71m,42,41:08,PG,2f5shtl4n0z0thj4h1sz13zrp
123,6yilqf9wqaytloo1ufvvems8a,cdj7tqbsake4a0ks5pwm23t23,67,66:52,PG,m1lbmlled2xtj2ilk4oiyrc9
124,6yilqf9wqaytloo1ufvvems8a,cdj7tqbsake4a0ks5pwm23t23,73,72:05,G,5suxy8zywnnbalcujii6srdre
125,bevmy56p5istuapyutredlrai,9dqkgu00tn42928lrrxlis95a,22,21:04,G,3kgj8qv3krm0g4u8eidfdw0r9
126,bevmy56p5istuapyutredlrai,9dqkgu00tn42928lrrxlis95a,78,77:05,G,cjmai4tgydff5g6ykyrclt8et
127,bevmy56p5istuapyutredlrai,1zsb1ovzidi8rft1vzw4me71m,82,81:46,G,9ynfb3x8vdydd82128cppk8gl
128,bevmy56p5istuapyutredlrai,1zsb1ovzidi8rft1vzw4me71m,92,91:11,G,e9ku3q311eg5t8lrxfcof65m1
129,2lqt518z1rawccx8zc9dof5lg,9dqkgu00tn42928lrrxlis95a,22,21:04,G,3kgj8qv3krm0g4u8eidfdw0r9
130,2lqt518z1rawccx8zc9dof5lg,1f72vqlndphmzn45x0nhdqk3e,24,23:59,G,2ddf8xxnqz6tehsqw5cg5x0b9
131,e8ew00ocdykl8753d7aqzq0yy,4wb893al733feakm9teqqqnlg,54,53:50,PG,4amvjmzixl30pg91ep6b9xhx
132,9pcxu7kk2foxef6vi5x4vmr8q,1iy5a1mzucfenathcnlhmp95a,47,46:49,G,65udjcug6sgbcb0wtuvbixu51
133,9pcxu7kk2foxef6vi5x4vmr8q,1iy5a1mzucfenathcnlhmp95a,88,87:53,G,6ft1b49m92zwa7y7yqqprm5lh
134,24j1k31dhx7s0xvm9n7r5dysq,bd1veyn5g4r8zbaquf8b8pksp,28,27:06,PG,egdpq1pva7hl7w0yfnwj469cl
135,24j1k31dhx7s0xvm9n7r5dysq,bd1veyn5g4r8zbaquf8b8pksp,41,40:03,PG,5ubpbn6j49ob3rmfq4ac356tx
136,24j1k31dhx7s0xvm9n7r5dysq,7gkwmrw0cjz0m168ouw00z4gy,56,55:11,PG,7qinj1hp24xlzrp40lji1r3rp
137,24j1k31dhx7s0xvm9n7r5dysq,bd1veyn5g4r8zbaquf8b8pksp,91,90:56,PG,5ubpbn6j49ob3rmfq4ac356tx
138,24j1k31dhx7s0xvm9n7r5dysq,7gkwmrw0cjz0m168ouw00z4gy,96,95:14,G,7qinj1hp24xlzrp40lji1r3rp
139,60r1qnh6c0ae22xy0t2ke3wno,bd1veyn5g4r8zbaquf8b8pksp,18,17:35,G,egdpq1pva7hl7w0yfnwj469cl
140,60r1qnh6c0ae22xy0t2ke3wno,bd1veyn5g4r8zbaquf8b8pksp,86,85:10,G,ch24btk29fxkdm14rzea7igdm
141,bdzbmw68serf08gtxy2ua68h6,eizgmllil1zrzpk6zbue0hl7m,17,16:58,G,888s3939roy7s3aq01ehh5vpx
142,bdzbmw68serf08gtxy2ua68h6,1f72vqlndphmzn45x0nhdqk3e,59,58:15,G,c3uuj40k4cyrz6elrli1ssgyd
143,bdzbmw68serf08gtxy2ua68h6,1f72vqlndphmzn45x0nhdqk3e,67,66:48,G,21yxomlpwzh54k7tivw3j457u
144,353ut94dtlsaju9om9mhat65m,hfu6x1260h62zj7xl6cn95hx,46,45:26,PG,9syjo8gdmcsdv5czc1e8w4xxx
145,9nuvceah6ha40t1h0d4hnm2qy,cpqaizhc99tbsqm6h2cgampio,8,7:06,G,6ovbzzxyqz4b17scxmkisnvth
146,35s871z8rhmzupgr40su48u1g,eizgmllil1zrzpk6zbue0hl7m,40,39:06,G,c487t25grh1jsxb0u61581jh1
147,35s871z8rhmzupgr40su48u1g,7gkwmrw0cjz0m168ouw00z4gy,56,55:44,PG,7qinj1hp24xlzrp40lji1r3rp
148,35s871z8rhmzupgr40su48u1g,7gkwmrw0cjz0m168ouw00z4gy,79,78:18,G,7qinj1hp24xlzrp40lji1r3rp
149,9o493mo2l8s2gxuqtkduwpv8q,1iy5a1mzucfenathcnlhmp95a,26,25:24,G,euhin21cqzflsv1vcedt7ew2d
150,9o493mo2l8s2gxuqtkduwpv8q,8rpjhpm2j1q7p40zfmlqpj8am,41,40:25,PG,50pzs8ih772n4u1dvuquf05w5
151,9o493mo2l8s2gxuqtkduwpv8q,1iy5a1mzucfenathcnlhmp95a,45,44:51,G,65udjcug6sgbcb0wtuvbixu51
152,9o493mo2l8s2gxuqtkduwpv8q,8rpjhpm2j1q7p40zfmlqpj8am,79,78:47,OG,27ng8lwfdgoymw9al0pdz70et
153,e3ew48s2n2ww8nudmdml1rwiy,cpqaizhc99tbsqm6h2cgampio,48,47:05,G,6ovbzzxyqz4b17scxmkisnvth
154,e3ew48s2n2ww8nudmdml1rwiy,1zsb1ovzidi8rft1vzw4me71m,51,50:11,PG,bvi7qxhjj54wje1qm709065ed
155,e3ew48s2n2ww8nudmdml1rwiy,1zsb1ovzidi8rft1vzw4me71m,54,53:15,G,bvi7qxhjj54wje1qm709065ed
156,e3ew48s2n2ww8nudmdml1rwiy,1zsb1ovzidi8rft1vzw4me71m,67,66:24,G,1psp77of8z48io79kj56h0ez9
157,e3ew48s2n2ww8nudmdml1rwiy,cpqaizhc99tbsqm6h2cgampio,78,77:33,PG,2mv48xbwjnyqclrsgn2oedtjp
158,24fzxu33rwgqix85uex8t6iy2,hfu6x1260h62zj7xl6cn95hx,62,61:04,G,9syjo8gdmcsdv5czc1e8w4xxx
159,24fzxu33rwgqix85uex8t6iy2,hfu6x1260h62zj7xl6cn95hx,65,64:10,G,2061k6wctcwfxtmj6qcil42xh
160,24fzxu33rwgqix85uex8t6iy2,hfu6x1260h62zj7xl6cn95hx,82,81:35,G,2061k6wctcwfxtmj6qcil42xh
161,357wqv3701a2eyxu8may6xk6i,1zsb1ovzidi8rft1vzw4me71m,24,23:51,G,9ynfb3x8vdydd82128cppk8gl
162,357wqv3701a2eyxu8may6xk6i,1zsb1ovzidi8rft1vzw4me71m,95,94:50,G,2f5shtl4n0z0thj4h1sz13zrp
163,35pyyyy6avswfe0hr2d22584q,ehsvy9m92bp6ktgoy6pwv8rdm,66,65:40,G,abzf358c7vw4vhw5ad819t9zp
164,35pyyyy6avswfe0hr2d22584q,eizgmllil1zrzpk6zbue0hl7m,68,67:26,G,3gl531k6v6qumpxb5tp17nxlh
165,35pyyyy6avswfe0hr2d22584q,eizgmllil1zrzpk6zbue0hl7m,92,91:39,G,3gl531k6v6qumpxb5tp17nxlh
166,e2zam7sz5vcc1i3oj32383uqy,9dqkgu00tn42928lrrxlis95a,7,6:34,G,287fodtg3sbi6enk4lp5gkt79
167,e2zam7sz5vcc1i3oj32383uqy,8rpjhpm2j1q7p40zfmlqpj8am,23,22:36,PG,b9b44wsl4d24yps6luijnhgix
168,e2zam7sz5vcc1i3oj32383uqy,8rpjhpm2j1q7p40zfmlqpj8am,59,58:38,OG,150w18iw8ozp5t8ehyf0zu4et
169,2lod9gseocpm2csgzhjpfrxn8,bw2py3aiws1rq61pokete3kv2,37,36:49,G,b3gzwpdhc43oz9u4ihkqgug2d
170,2lod9gseocpm2csgzhjpfrxn8,bw2py3aiws1rq61pokete3kv2,68,67:02,G,b3gzwpdhc43oz9u4ihkqgug2d
171,2lod9gseocpm2csgzhjpfrxn8,7gkwmrw0cjz0m168ouw00z4gy,90,89:43,G,3k8wr5chjtaakdyyftcqpak0l
172,24691gfjwxnynsdgm0ajk5w8a,1iy5a1mzucfenathcnlhmp95a,81,80:22,G,2ztfs9tfd4ztq5fleycxf11t6
173,24691gfjwxnynsdgm0ajk5w8a,1iy5a1mzucfenathcnlhmp95a,96,95:14,PG,5m7gtqlmb66jcwhqmfebt46vp
174,e8ikyn9qvtwprhmq4w8mcohgq,cpqaizhc99tbsqm6h2cgampio,15,14:10,G,6eqxtayx7vsjujc8viicz987p
175,e8ikyn9qvtwprhmq4w8mcohgq,cpqaizhc99tbsqm6h2cgampio,61,60:04,G,6eqxtayx7vsjujc8viicz987p
176,e8ikyn9qvtwprhmq4w8mcohgq,cpqaizhc99tbsqm6h2cgampio,69,68:58,OG,72s5nyjuxb6ydlq4kdybz3get
177,8gj2g3tf58vnofhpijtdg5d78,1iy5a1mzucfenathcnlhmp95a,51,50:01,G,euhin21cqzflsv1vcedt7ew2d
178,19as5aflla0mxebhrhgwlewru,ehsvy9m92bp6ktgoy6pwv8rdm,8,7:51,G,8tkbjriwyv726522f10tyt1w5
179,19as5aflla0mxebhrhgwlewru,ehsvy9m92bp6ktgoy6pwv8rdm,82,81:57,PG,abzf358c7vw4vhw5ad819t9zp
180,19as5aflla0mxebhrhgwlewru,ehsvy9m92bp6ktgoy6pwv8rdm,89,88:26,G,abzf358c7vw4vhw5ad819t9zp
181,e8u3rr2m5f99yd8ipigwashnu,1iy5a1mzucfenathcnlhmp95a,7,6:55,G,8r4jakwqzzf2cqjd3btsayz8p
182,6193r3nx4zpflk0k493zetnh0,2nxp7ufclxwbtaozvx5zj1zym,81,80:10,G,didi62zdit4vtyfye0qxw7105
183,35dbqror24rncs5jsmsrw19ii,8puc16dm0ut6bvv6u6ivpe2ch,5,4:07,G,em2957qngzi3thmrksunwe9qt
184,9q2kjf87buyy2jcqhpm1e23xm,bd1veyn5g4r8zbaquf8b8pksp,59,58:34,G,5ubpbn6j49ob3rmfq4ac356tx
185,60xsjzadmkabw8h8cn1cd2y38,ehsvy9m92bp6ktgoy6pwv8rdm,2,1:24,G,abzf358c7vw4vhw5ad819t9zp
186,60xsjzadmkabw8h8cn1cd2y38,cpqaizhc99tbsqm6h2cgampio,25,24:24,G,2mv48xbwjnyqclrsgn2oedtjp
187,60xsjzadmkabw8h8cn1cd2y38,ehsvy9m92bp6ktgoy6pwv8rdm,29,28:33,G,9fz4lzq3u50914qgqhkuvydpl
188,60xsjzadmkabw8h8cn1cd2y38,cpqaizhc99tbsqm6h2cgampio,70,69:50,G,72s5nyjuxb6ydlq4kdybz3get
189,24cy4hy04ahy82frkcusfpqp6,2nxp7ufclxwbtaozvx5zj1zym,8,7:32,G,3xz9cyx54low8hq4xm2s04ogl
190,24cy4hy04ahy82frkcusfpqp6,2nxp7ufclxwbtaozvx5zj1zym,46,45:01,G,didi62zdit4vtyfye0qxw7105
191,24cy4hy04ahy82frkcusfpqp6,2nxp7ufclxwbtaozvx5zj1zym,53,52:08,G,9jv9rg9srbovkivx6y440v9m2
192,24cy4hy04ahy82frkcusfpqp6,8puc16dm0ut6bvv6u6ivpe2ch,55,54:24,G,adh3gj9e2avq8j3ib8kbfjw7p
193,24cy4hy04ahy82frkcusfpqp6,2nxp7ufclxwbtaozvx5zj1zym,74,73:17,G,didi62zdit4vtyfye0qxw7105
194,24cy4hy04ahy82frkcusfpqp6,8puc16dm0ut6bvv6u6ivpe2ch,90,89:37,G,drtoqm93lulssafz5z6rpavv9
195,8hr5ok4batskzdvznvm0c8kk4,1iy5a1mzucfenathcnlhmp95a,93,92:36,G,2ztfs9tfd4ztq5fleycxf11t6
196,8hr5ok4batskzdvznvm0c8kk4,bw2py3aiws1rq61pokete3kv2,98,97:15,G,7lqrv433cz9feh1qjo0wp7oix
197,e9kndb1sooxtzw0qm0s2cl27e,1f72vqlndphmzn45x0nhdqk3e,31,30:03,G,2ddf8xxnqz6tehsqw5cg5x0b9
198,9plife5g642pjqc0z00otp84q,8puc16dm0ut6bvv6u6ivpe2ch,3,2:29,OG,65bod4a6kdiry4uygx41nr3dh
199,9plife5g642pjqc0z00otp84q,1f72vqlndphmzn45x0nhdqk3e,22,21:04,G,auoha2xfik4deh4dphlrlvm22
200,9plife5g642pjqc0z00otp84q,8puc16dm0ut6bvv6u6ivpe2ch,53,52:27,G,em2957qngzi3thmrksunwe9qt
201,9plife5g642pjqc0z00otp84q,8puc16dm0ut6bvv6u6ivpe2ch,68,67:57,PG,3zc7nns0gt6n8hlp7uny7ax1x
202,60dttf1nc5hs8k817t02716hg,cpqaizhc99tbsqm6h2cgampio,46,45:22,G,d1pyzg0b7m97u6ng10ka998lx
203,e438sb0278uym251id1by15yi,4y5xl8r1nkg1n9hnjzo53v8xk,42,41:42,G,1quzntww9f82m0mnod3i2c6ad
204,e438sb0278uym251id1by15yi,8rpjhpm2j1q7p40zfmlqpj8am,43,42:55,G,b9b44wsl4d24yps6luijnhgix
205,e438sb0278uym251id1by15yi,8rpjhpm2j1q7p40zfmlqpj8am,45,44:05,G,95pzzekgfm9589ip2fomr3lxx
206,e438sb0278uym251id1by15yi,8rpjhpm2j1q7p40zfmlqpj8am,73,72:32,G,4lavermlnoyl8wqjkwpx5uytx
207,e438sb0278uym251id1by15yi,8rpjhpm2j1q7p40zfmlqpj8am,94,93:03,G,2wdelc2e5oc4usb03p86ztwid
208,e4i6zutpz5eyuxgoa9tyegqy2,eizgmllil1zrzpk6zbue0hl7m,6,5:49,G,c487t25grh1jsxb0u61581jh1
209,e4i6zutpz5eyuxgoa9tyegqy2,eizgmllil1zrzpk6zbue0hl7m,52,51:44,G,3gl531k6v6qumpxb5tp17nxlh
210,e4i6zutpz5eyuxgoa9tyegqy2,8puc16dm0ut6bvv6u6ivpe2ch,56,55:03,G,em2957qngzi3thmrksunwe9qt
211,71onszzpvq0xpag6fm1pp1sa2,4y5xl8r1nkg1n9hnjzo53v8xk,33,32:34,G,51mu62nt2yufzzi9qt45e3cnp
212,71onszzpvq0xpag6fm1pp1sa2,4y5xl8r1nkg1n9hnjzo53v8xk,93,92:41,G,atinp3f6pvlr59xf815nfcl49
213,71onszzpvq0xpag6fm1pp1sa2,hfu6x1260h62zj7xl6cn95hx,96,95:56,G,2061k6wctcwfxtmj6qcil42xh
214,6yruifsfsg9l59g2gorbdt0tm,7gkwmrw0cjz0m168ouw00z4gy,46,45:26,G,3k8wr5chjtaakdyyftcqpak0l
215,6yruifsfsg9l59g2gorbdt0tm,7gkwmrw0cjz0m168ouw00z4gy,69,68:06,G,avzd8n4n9x655hu62cspydot1
216,70zpvcukhzn1s891qmo6gneqy,8rpjhpm2j1q7p40zfmlqpj8am,35,34:35,G,95pzzekgfm9589ip2fomr3lxx
217,70zpvcukhzn1s891qmo6gneqy,2nxp7ufclxwbtaozvx5zj1zym,53,52:10,G,47cw7z4p92y3ioalree2uvf85
218,71ria8e7shav0bri3ud4r3td6,1iy5a1mzucfenathcnlhmp95a,5,4:33,G,5m7gtqlmb66jcwhqmfebt46vp
219,71ria8e7shav0bri3ud4r3td6,1iy5a1mzucfenathcnlhmp95a,27,26:27,G,5m7gtqlmb66jcwhqmfebt46vp
220,71ria8e7shav0bri3ud4r3td6,1zsb1ovzidi8rft1vzw4me71m,52,51:13,G,e9ku3q311eg5t8lrxfcof65m1
221,60vjfhyjbm2fxu3k77h72cy6s,bw2py3aiws1rq61pokete3kv2,20,19:58,G,5ttes0wvkueqfehjhb2a70amt
222,60vjfhyjbm2fxu3k77h72cy6s,1zsb1ovzidi8rft1vzw4me71m,54,53:32,G,bvi7qxhjj54wje1qm709065ed
223,191g99vlhfed82gq6lput4mzu,7gkwmrw0cjz0m168ouw00z4gy,37,36:45,PG,3k8wr5chjtaakdyyftcqpak0l
224,191g99vlhfed82gq6lput4mzu,7gkwmrw0cjz0m168ouw00z4gy,87,86:33,G,edrl7m5r17vghnnbull4qlnmd
225,191g99vlhfed82gq6lput4mzu,7gkwmrw0cjz0m168ouw00z4gy,93,92:47,G,7qinj1hp24xlzrp40lji1r3rp
226,6xmgw01uptguhezw7cseso7ze,2nxp7ufclxwbtaozvx5zj1zym,13,12:25,G,83pehcs280uby1806wow0dwb9
227,6xmgw01uptguhezw7cseso7ze,eizgmllil1zrzpk6zbue0hl7m,34,33:51,G,bejytm4vbwd22kv0kosy0hd5h
228,6xmgw01uptguhezw7cseso7ze,eizgmllil1zrzpk6zbue0hl7m,62,61:07,G,6pgbp0zc89px2orgonrjtrpey
229,8gougvfculokyk59aynx7pp1w,1zsb1ovzidi8rft1vzw4me71m,1,0:51,G,bckngmb2hloxry5zgkz6pqlm1
230,8gougvfculokyk59aynx7pp1w,1f72vqlndphmzn45x0nhdqk3e,59,58:30,G,8davjer5vpeg0pa07h5mszzyt
231,8gougvfculokyk59aynx7pp1w,1zsb1ovzidi8rft1vzw4me71m,85,84:32,G,1psp77of8z48io79kj56h0ez9
232,2leucnteakkm2gso826ri8tn8,1zsb1ovzidi8rft1vzw4me71m,88,87:54,G,e9ku3q311eg5t8lrxfcof65m1
233,8hi0aoalf2dotlgz0ir3hfevo,eizgmllil1zrzpk6zbue0hl7m,41,40:59,G,8jiug6aq1plhdoc07u3fem6l1
234,2lcgr0c1fucvo1fsfo9bdqo7o,ehsvy9m92bp6ktgoy6pwv8rdm,91,90:58,G,909ydub0s5szvgfyb762kkxxx
235,713kacspm6bok296s673dg7e2,8puc16dm0ut6bvv6u6ivpe2ch,47,46:23,G,3r7lo4kdamkmfdrad1gjy04id
236,e80gzl00z62u0g1cxlfftvnmy,hfu6x1260h62zj7xl6cn95hx,45,44:58,G,b44ryatcd56jc71lloj2u3lcl
237,e80gzl00z62u0g1cxlfftvnmy,hfu6x1260h62zj7xl6cn95hx,58,57:27,G,2061k6wctcwfxtmj6qcil42xh
238,24zgio444f28v15f308tgu3qi,ehsvy9m92bp6ktgoy6pwv8rdm,3,2:08,G,y9v0u6zwopgjkp64nili8rth
239,24zgio444f28v15f308tgu3qi,1iy5a1mzucfenathcnlhmp95a,24,23:22,G,5m7gtqlmb66jcwhqmfebt46vp
240,24zgio444f28v15f308tgu3qi,ehsvy9m92bp6ktgoy6pwv8rdm,28,27:26,G,8yak0o9o7z5j5ribga3ui2cb9
241,24zgio444f28v15f308tgu3qi,1iy5a1mzucfenathcnlhmp95a,41,40:40,PG,5m7gtqlmb66jcwhqmfebt46vp
242,24zgio444f28v15f308tgu3qi,ehsvy9m92bp6ktgoy6pwv8rdm,44,43:48,G,3loc50uo96004zxczuihbzrh1
243,24zgio444f28v15f308tgu3qi,1iy5a1mzucfenathcnlhmp95a,59,58:13,G,5m7gtqlmb66jcwhqmfebt46vp
244,24zgio444f28v15f308tgu3qi,1iy5a1mzucfenathcnlhmp95a,69,68:48,G,euhin21cqzflsv1vcedt7ew2d
245,24zgio444f28v15f308tgu3qi,1iy5a1mzucfenathcnlhmp95a,76,75:38,G,2ztfs9tfd4ztq5fleycxf11t6
246,be7bomktaffjsfnx8wxhaocbu,9dqkgu00tn42928lrrxlis95a,9,8:49,PG,8jrdmj8hp525w0ufsck4eshcl
247,be7bomktaffjsfnx8wxhaocbu,9dqkgu00tn42928lrrxlis95a,62,61:33,G,eueky9584m8m3qselgg3be4et
248,be7bomktaffjsfnx8wxhaocbu,9dqkgu00tn42928lrrxlis95a,67,66:40,G,287fodtg3sbi6enk4lp5gkt79
249,be7bomktaffjsfnx8wxhaocbu,bd1veyn5g4r8zbaquf8b8pksp,79,78:55,G,377mqwyb9c1ffvfbrw0a48dzp
250,2m5ademy26rgmkcxhh6zo6iac,hfu6x1260h62zj7xl6cn95hx,18,17:07,G,bn04vhl78qfknkl5fk84rkuz9
251,2m5ademy26rgmkcxhh6zo6iac,8puc16dm0ut6bvv6u6ivpe2ch,53,52:45,G,al3ls8yq5tgr0ss8vdea84ogl
252,2m5ademy26rgmkcxhh6zo6iac,8puc16dm0ut6bvv6u6ivpe2ch,58,57:50,G,3fh1y6i5dkac6ojmvkmaxk639
253,2m5ademy26rgmkcxhh6zo6iac,8puc16dm0ut6bvv6u6ivpe2ch,75,74:50,G,di32qsc0rhuulwdzicqv4tck5
254,35wrvtp5973jaejc7ucm0n2tw,8puc16dm0ut6bvv6u6ivpe2ch,8,7:46,G,3fh1y6i5dkac6ojmvkmaxk639
255,35wrvtp5973jaejc7ucm0n2tw,ehsvy9m92bp6ktgoy6pwv8rdm,75,74:45,G,7n849c9llm9q8vtnp2hmoqw2d
256,35wrvtp5973jaejc7ucm0n2tw,8puc16dm0ut6bvv6u6ivpe2ch,81,80:18,PG,3zc7nns0gt6n8hlp7uny7ax1x
257,35wrvtp5973jaejc7ucm0n2tw,8puc16dm0ut6bvv6u6ivpe2ch,95,94:37,G,8horddn9v6sm5qyeqxilxobf9
258,8he9208occ04jkv0mtnu56mtw,8puc16dm0ut6bvv6u6ivpe2ch,14,13:06,PG,3zc7nns0gt6n8hlp7uny7ax1x
259,8he9208occ04jkv0mtnu56mtw,7gkwmrw0cjz0m168ouw00z4gy,37,36:21,G,42oyy73s5avbjsnw4eg5wmket
260,8he9208occ04jkv0mtnu56mtw,8puc16dm0ut6bvv6u6ivpe2ch,54,53:37,OG,62czo0yddio2lacx8v4dqldcl
261,8he9208occ04jkv0mtnu56mtw,7gkwmrw0cjz0m168ouw00z4gy,66,65:21,G,7qinj1hp24xlzrp40lji1r3rp
262,8he9208occ04jkv0mtnu56mtw,7gkwmrw0cjz0m168ouw00z4gy,86,85:38,G,39qv8yz0yfoa7sqxard74b90q
263,6129l2l3lp5g2ibgvssvmmxp0,hfu6x1260h62zj7xl6cn95hx,9,8:50,G,bn04vhl78qfknkl5fk84rkuz9
264,6129l2l3lp5g2ibgvssvmmxp0,9dqkgu00tn42928lrrxlis95a,16,15:39,G,287fodtg3sbi6enk4lp5gkt79
265,6129l2l3lp5g2ibgvssvmmxp0,hfu6x1260h62zj7xl6cn95hx,23,22:08,PG,cqukkxc9c4iowy3tydreue7rp
266,6129l2l3lp5g2ibgvssvmmxp0,hfu6x1260h62zj7xl6cn95hx,41,40:01,G,dg6d5kv2m8nlk1vgzgymejhed
267,6129l2l3lp5g2ibgvssvmmxp0,9dqkgu00tn42928lrrxlis95a,47,46:57,G,3kgj8qv3krm0g4u8eidfdw0r9
268,6129l2l3lp5g2ibgvssvmmxp0,hfu6x1260h62zj7xl6cn95hx,56,55:02,G,cqukkxc9c4iowy3tydreue7rp
269,6129l2l3lp5g2ibgvssvmmxp0,hfu6x1260h62zj7xl6cn95hx,61,60:51,G,82ffef6lzygelxn9swn5pqzca
270,6129l2l3lp5g2ibgvssvmmxp0,hfu6x1260h62zj7xl6cn95hx,65,64:14,G,2061k6wctcwfxtmj6qcil42xh
271,72fku32hn7i5mrsdqhnt2cpka,8rpjhpm2j1q7p40zfmlqpj8am,28,27:49,G,4lavermlnoyl8wqjkwpx5uytx
272,24a1ng586qeaocxjvqkd6hv8q,bw2py3aiws1rq61pokete3kv2,45,44:12,G,b3gzwpdhc43oz9u4ihkqgug2d
273,35ytcd6tzse20mke2oak8zjmc,59d4d2m78t2lqabd1m7o90std,41,40:04,G,epvt3nij5xk960wrr4omk2f2t
274,35ytcd6tzse20mke2oak8zjmc,59d4d2m78t2lqabd1m7o90std,87,86:27,G,eeqnkxrcutljzjb9moijcz6qd
275,360n23cxpuafl0830v2vyhs0k,cdj7tqbsake4a0ks5pwm23t23,10,10:00,G,r2qjdlnjtjagkm5m1v1ulck5
276,360n23cxpuafl0830v2vyhs0k,cdj7tqbsake4a0ks5pwm23t23,49,48:56,G,dr7dvl3cmpe1c3tmu2g0xszpx
277,360n23cxpuafl0830v2vyhs0k,cdj7tqbsake4a0ks5pwm23t23,71,70:17,PG,epfwjk84jo741igp7fxe4c2qd
278,e329przpun8rxaesuubk3f0bu,4y5xl8r1nkg1n9hnjzo53v8xk,81,80:45,G,dzvs8zk8j4rgbda6thqtserfu
279,71dbke1yzqhkhru9gqno46nvu,1f72vqlndphmzn45x0nhdqk3e,20,19:22,G,21yxomlpwzh54k7tivw3j457u
280,71dbke1yzqhkhru9gqno46nvu,1f72vqlndphmzn45x0nhdqk3e,52,51:15,PG,1pxq5s6wcmaf31abep37buz85
281,71dbke1yzqhkhru9gqno46nvu,59d4d2m78t2lqabd1m7o90std,62,61:20,G,epvt3nij5xk960wrr4omk2f2t
282,71dbke1yzqhkhru9gqno46nvu,59d4d2m78t2lqabd1m7o90std,91,90:41,PG,as7z3zymiedo4zip710ckhdxx
283,6y20tzelpyuu805clkfjmdisq,59d4d2m78t2lqabd1m7o90std,40,39:04,G,4yrdgfx2ywrejye3jt3s3udw5
284,6y20tzelpyuu805clkfjmdisq,59d4d2m78t2lqabd1m7o90std,43,42:31,G,18pa8hde4d0jkbtpltej87tg5
285,6y20tzelpyuu805clkfjmdisq,ehsvy9m92bp6ktgoy6pwv8rdm,69,68:59,G,emxgknli5uxn1xhkmxdixyh91
286,ber86pow1qdsaofbk7zf7udey,bw2py3aiws1rq61pokete3kv2,25,24:04,G,5ttes0wvkueqfehjhb2a70amt
287,ber86pow1qdsaofbk7zf7udey,bw2py3aiws1rq61pokete3kv2,31,30:42,G,c832vblhgabxypcw32zgzgs0l
288,ber86pow1qdsaofbk7zf7udey,bw2py3aiws1rq61pokete3kv2,43,42:59,G,2lr1p7kr13savfywqyc6wkm39
289,ber86pow1qdsaofbk7zf7udey,8rpjhpm2j1q7p40zfmlqpj8am,56,55:35,G,248uds9v4rrmkynvv2192hadx
290,ber86pow1qdsaofbk7zf7udey,bw2py3aiws1rq61pokete3kv2,82,81:59,G,5ttes0wvkueqfehjhb2a70amt
291,e4ll389nfnezsaiz6vxcrfkve,1zsb1ovzidi8rft1vzw4me71m,42,41:53,OG,27z2ncy1j84v5t6ljjq6e2ml1
292,e4ll389nfnezsaiz6vxcrfkve,1zsb1ovzidi8rft1vzw4me71m,69,68:19,PG,bvi7qxhjj54wje1qm709065ed
293,e4ll389nfnezsaiz6vxcrfkve,bw2py3aiws1rq61pokete3kv2,75,74:12,G,5ttes0wvkueqfehjhb2a70amt
294,8ht4g5bca6ua7kj63hsdw0g7o,4y5xl8r1nkg1n9hnjzo53v8xk,78,77:01,G,51mu62nt2yufzzi9qt45e3cnp
295,60kb3svmq1e6q9wcus6lorvv8,8rpjhpm2j1q7p40zfmlqpj8am,77,76:21,G,ehre8jxvvvlqbawddf8d8lgwl
296,60kb3svmq1e6q9wcus6lorvv8,8rpjhpm2j1q7p40zfmlqpj8am,86,85:09,G,2vl13a1bvpgufl0h2xmv3x1hx
297,bentjeoraqf0doi7k16xldhey,7gkwmrw0cjz0m168ouw00z4gy,48,47:05,PG,avzd8n4n9x655hu62cspydot1
298,bentjeoraqf0doi7k16xldhey,7gkwmrw0cjz0m168ouw00z4gy,70,69:18,PG,3k8wr5chjtaakdyyftcqpak0l
299,bentjeoraqf0doi7k16xldhey,7gkwmrw0cjz0m168ouw00z4gy,82,81:26,G,7qinj1hp24xlzrp40lji1r3rp
300,e3luy7935wws1ieh9ufu1y44q,7gkwmrw0cjz0m168ouw00z4gy,29,28:17,G,avzd8n4n9x655hu62cspydot1
301,e3luy7935wws1ieh9ufu1y44q,7gkwmrw0cjz0m168ouw00z4gy,39,38:47,PG,3k8wr5chjtaakdyyftcqpak0l
302,e3luy7935wws1ieh9ufu1y44q,59d4d2m78t2lqabd1m7o90std,41,40:08,OG,abb1eu1hpcrox97w3z01nxrkl
303,9oye8nfasqzjn0rhbkb0lm0ru,4y5xl8r1nkg1n9hnjzo53v8xk,21,20:44,PG,51mu62nt2yufzzi9qt45e3cnp
304,9oye8nfasqzjn0rhbkb0lm0ru,1f72vqlndphmzn45x0nhdqk3e,67,66:50,G,8davjer5vpeg0pa07h5mszzyt
305,9pz6fw8k6dahow8rddtrro7e2,8rpjhpm2j1q7p40zfmlqpj8am,5,4:42,G,195h1uunxmjif6hbehmfya7yt
306,9pz6fw8k6dahow8rddtrro7e2,cdj7tqbsake4a0ks5pwm23t23,10,9:22,G,1ghdbvrho16mzdz9qcn9k2ytx
307,9pz6fw8k6dahow8rddtrro7e2,8rpjhpm2j1q7p40zfmlqpj8am,36,35:47,G,50pzs8ih772n4u1dvuquf05w5
308,9pz6fw8k6dahow8rddtrro7e2,cdj7tqbsake4a0ks5pwm23t23,51,50:02,G,1ghdbvrho16mzdz9qcn9k2ytx
309,9pz6fw8k6dahow8rddtrro7e2,cdj7tqbsake4a0ks5pwm23t23,63,62:23,G,m1lbmlled2xtj2ilk4oiyrc9
310,24m4r720dnd7dxo9r7ep138fe,59d4d2m78t2lqabd1m7o90std,15,14:33,G,1udhwk2qkh23pl0vykuj8m7rp
311,24m4r720dnd7dxo9r7ep138fe,8rpjhpm2j1q7p40zfmlqpj8am,31,30:54,PG,27ng8lwfdgoymw9al0pdz70et
312,24m4r720dnd7dxo9r7ep138fe,59d4d2m78t2lqabd1m7o90std,82,81:54,G,5ajtpr7zaybavvee6wv16yh1x
313,9q5w4ab1jy7mwga65wmmnrl2i,7gkwmrw0cjz0m168ouw00z4gy,15,14:49,G,7qinj1hp24xlzrp40lji1r3rp
314,9q5w4ab1jy7mwga65wmmnrl2i,7gkwmrw0cjz0m168ouw00z4gy,32,31:43,OG,4s0cgwchahxqfowf7v1edb5cl
315,9p2f4vghjym3sljohurvpjdyi,2nxp7ufclxwbtaozvx5zj1zym,36,35:06,G,dpn7l86wmk0s8s8vc9f0fnz6x
316,9p2f4vghjym3sljohurvpjdyi,2nxp7ufclxwbtaozvx5zj1zym,47,46:43,G,7i7ndyzz4xyarc47kcz2wpped
317,9p2f4vghjym3sljohurvpjdyi,2nxp7ufclxwbtaozvx5zj1zym,79,78:10,G,7i7ndyzz4xyarc47kcz2wpped
318,8hpebl4rdv4a4hs8k6raj0bo4,59d4d2m78t2lqabd1m7o90std,36,35:39,G,1udhwk2qkh23pl0vykuj8m7rp
319,8hpebl4rdv4a4hs8k6raj0bo4,9dqkgu00tn42928lrrxlis95a,50,49:17,G,2vsfek9vs6zdvueb4v23vrj6d
320,8hpebl4rdv4a4hs8k6raj0bo4,9dqkgu00tn42928lrrxlis95a,52,51:53,G,d9ns2ltj5nu2ysl23zf10o7ze
321,6yxh7apnh9sqsbe613znwm5pm,59d4d2m78t2lqabd1m7o90std,17,16:32,G,3hwd7jyifs3dei1mhpbdzx68l
322,6yxh7apnh9sqsbe613znwm5pm,1iy5a1mzucfenathcnlhmp95a,29,28:07,G,5m7gtqlmb66jcwhqmfebt46vp
323,6yxh7apnh9sqsbe613znwm5pm,59d4d2m78t2lqabd1m7o90std,34,33:11,G,757f9x11lzcug3d6sn39d85wp
324,194ksppj2qlhefg3bw621r3ai,cpqaizhc99tbsqm6h2cgampio,49,48:05,G,dcfejgf51n1fxxds752s9koa1
325,194ksppj2qlhefg3bw621r3ai,cdj7tqbsake4a0ks5pwm23t23,75,74:41,PG,epfwjk84jo741igp7fxe4c2qd
326,194ksppj2qlhefg3bw621r3ai,cpqaizhc99tbsqm6h2cgampio,94,93:39,G,6ovbzzxyqz4b17scxmkisnvth
327,60tcbl4hxj9axmisn85dfq9lg,cdj7tqbsake4a0ks5pwm23t23,17,16:22,G,epfwjk84jo741igp7fxe4c2qd
328,60tcbl4hxj9axmisn85dfq9lg,9dqkgu00tn42928lrrxlis95a,41,40:37,G,3kgj8qv3krm0g4u8eidfdw0r9
329,e8bsx8f1zwmlk9q67akszuq22,2nxp7ufclxwbtaozvx5zj1zym,52,51:59,OG,d284o2jocsng4d7uonb33gd05
330,e8bsx8f1zwmlk9q67akszuq22,2nxp7ufclxwbtaozvx5zj1zym,66,65:18,G,e35lm9dtyk20pgja81zbvb3d
331,e8bsx8f1zwmlk9q67akszuq22,ehsvy9m92bp6ktgoy6pwv8rdm,89,88:43,G,1vnhvlo2z3vzdmy5s5cjl7qvp
332,8hnm4n4vy4yhtbn5s71obufpw,bd1veyn5g4r8zbaquf8b8pksp,55,54:32,PG,egdpq1pva7hl7w0yfnwj469cl
333,723gg3nwo0crqukff3img3kh6,bw2py3aiws1rq61pokete3kv2,63,62:03,G,6aiecfxg2e102e6vg8vfaf8x5
334,8hg580rdscj16m2819527hlhw,9dqkgu00tn42928lrrxlis95a,30,29:58,G,2vsfek9vs6zdvueb4v23vrj6d
335,8hg580rdscj16m2819527hlhw,ehsvy9m92bp6ktgoy6pwv8rdm,54,53:34,G,8tkbjriwyv726522f10tyt1w5
336,60orkxc28woat5n3bcv00i13o,hfu6x1260h62zj7xl6cn95hx,50,49:45,G,2061k6wctcwfxtmj6qcil42xh
337,60orkxc28woat5n3bcv00i13o,hfu6x1260h62zj7xl6cn95hx,65,64:42,PG,2061k6wctcwfxtmj6qcil42xh
338,60orkxc28woat5n3bcv00i13o,bw2py3aiws1rq61pokete3kv2,74,73:12,G,7ul3gp7j4a97q5akh4iqtvofe
339,bf8ysid9xcrrsxu7a6bz3z816,eizgmllil1zrzpk6zbue0hl7m,3,2:23,G,3yx8p1hujwv6as8c2gm6h1dqt
340,bf8ysid9xcrrsxu7a6bz3z816,eizgmllil1zrzpk6zbue0hl7m,58,57:47,G,888s3939roy7s3aq01ehh5vpx
341,35q6ydmmyek2pccgcf5iib1g4,4wb893al733feakm9teqqqnlg,18,17:31,G,18nk3jxjo37tdkbqkk3g6ges5
342,35q6ydmmyek2pccgcf5iib1g4,bd1veyn5g4r8zbaquf8b8pksp,32,31:20,G,agl2jhbq7u65furhjlmlddxx
343,35q6ydmmyek2pccgcf5iib1g4,bd1veyn5g4r8zbaquf8b8pksp,43,42:54,PG,5ubpbn6j49ob3rmfq4ac356tx
344,e84v6l832ohamgmxob40jly0a,1zsb1ovzidi8rft1vzw4me71m,78,77:44,PG,bvi7qxhjj54wje1qm709065ed
345,e84v6l832ohamgmxob40jly0a,8puc16dm0ut6bvv6u6ivpe2ch,81,80:41,G,8horddn9v6sm5qyeqxilxobf9
346,e84v6l832ohamgmxob40jly0a,8puc16dm0ut6bvv6u6ivpe2ch,94,93:13,PG,3zc7nns0gt6n8hlp7uny7ax1x
347,bfewg7qtu12klcloxrthvudey,4y5xl8r1nkg1n9hnjzo53v8xk,20,19:12,G,5io2106rxpshzsc39qigm1nth
348,bfewg7qtu12klcloxrthvudey,7gkwmrw0cjz0m168ouw00z4gy,73,72:25,G,d3swiv7qjcdrnf2i6y5egz6qd
349,8hju0vykbxq6tbfh96ve3epzo,7gkwmrw0cjz0m168ouw00z4gy,4,3:48,G,d3swiv7qjcdrnf2i6y5egz6qd
350,8hju0vykbxq6tbfh96ve3epzo,7gkwmrw0cjz0m168ouw00z4gy,48,47:42,G,edrl7m5r17vghnnbull4qlnmd
351,8hju0vykbxq6tbfh96ve3epzo,7gkwmrw0cjz0m168ouw00z4gy,94,93:35,G,bhu3hiq2ln2cso48ndqe17bvt
352,befyzoba9cxb47e33kt4xpwmi,4y5xl8r1nkg1n9hnjzo53v8xk,40,39:16,G,7o1wgekbdpne9thpsdtr1kxqt
353,bebrv95o10rckgmkngfszrnfu,1zsb1ovzidi8rft1vzw4me71m,9,8:57,G,e9ku3q311eg5t8lrxfcof65m1
354,bebrv95o10rckgmkngfszrnfu,4wb893al733feakm9teqqqnlg,29,28:18,OG,17qf5ikex0q4ytrw7pk22tal1
355,bebrv95o10rckgmkngfszrnfu,1zsb1ovzidi8rft1vzw4me71m,75,74:31,G,9ynfb3x8vdydd82128cppk8gl
356,bebrv95o10rckgmkngfszrnfu,4wb893al733feakm9teqqqnlg,92,91:06,G,34x6eabrx5t9one9q6ifwtyp5
357,361wxe0h46utsvq3bjrsojt62,4wb893al733feakm9teqqqnlg,24,23:37,G,4amvjmzixl30pg91ep6b9xhx
358,361wxe0h46utsvq3bjrsojt62,4wb893al733feakm9teqqqnlg,38,37:51,PG,4amvjmzixl30pg91ep6b9xhx
359,361wxe0h46utsvq3bjrsojt62,9dqkgu00tn42928lrrxlis95a,75,74:50,G,2vsfek9vs6zdvueb4v23vrj6d
360,361wxe0h46utsvq3bjrsojt62,9dqkgu00tn42928lrrxlis95a,88,87:08,G,bm5597reki0q7wci85322cixh
361,e3sgrodbr06om43h2d26v5f1m,ehsvy9m92bp6ktgoy6pwv8rdm,90,89:17,G,b6l6cav75axv8b7a3j7zcn84p
362,2m7oo8q4v17yfd8dzdfqij47o,2nxp7ufclxwbtaozvx5zj1zym,21,20:21,G,88hz9n89uo71dbbzx0s10yf2t
363,2m7oo8q4v17yfd8dzdfqij47o,2nxp7ufclxwbtaozvx5zj1zym,82,81:06,G,evddj85emdzndmfsz74tex0wl
364,bf5lfoe7133trc0a7bfzfcokq,59d4d2m78t2lqabd1m7o90std,10,9:33,G,3i66iyijtz2p4xd7ngsc444ph
365,bf5lfoe7133trc0a7bfzfcokq,4wb893al733feakm9teqqqnlg,43,42:58,G,34x6eabrx5t9one9q6ifwtyp5
366,bf5lfoe7133trc0a7bfzfcokq,4wb893al733feakm9teqqqnlg,45,44:16,G,c1w8b6hy98azzdz48pw8uago9
367,e3b31u17ert51qspdb7xsaq22,8puc16dm0ut6bvv6u6ivpe2ch,58,57:53,G,3fh1y6i5dkac6ojmvkmaxk639
368,e3b31u17ert51qspdb7xsaq22,8puc16dm0ut6bvv6u6ivpe2ch,89,88:15,G,ygwl0esdhe51tprq7y2olz2t
369,716t8m2ono48rvqj7v76k6yy2,ehsvy9m92bp6ktgoy6pwv8rdm,12,11:07,G,y9v0u6zwopgjkp64nili8rth
370,716t8m2ono48rvqj7v76k6yy2,cdj7tqbsake4a0ks5pwm23t23,47,46:16,G,dr7dvl3cmpe1c3tmu2g0xszpx
371,2lxymolbua5101o7loypl90yc,4wb893al733feakm9teqqqnlg,54,53:54,G,1rtufoivuxh5sl9sja7vl9oet
372,2lxymolbua5101o7loypl90yc,1iy5a1mzucfenathcnlhmp95a,60,59:15,G,euhin21cqzflsv1vcedt7ew2d
373,e3660rpp9nsy7y59d3vh26nhm,cdj7tqbsake4a0ks5pwm23t23,24,23:38,G,epfwjk84jo741igp7fxe4c2qd
374,e3660rpp9nsy7y59d3vh26nhm,eizgmllil1zrzpk6zbue0hl7m,53,52:06,G,sq3mptpiqr5b85q0jiw12nkl
375,e3660rpp9nsy7y59d3vh26nhm,cdj7tqbsake4a0ks5pwm23t23,55,54:47,G,epfwjk84jo741igp7fxe4c2qd
376,6y7vsn2lg19h8cvs8l418snl6,9dqkgu00tn42928lrrxlis95a,59,58:19,G,dhy4u5ea6vtob2g2ugvzrn93p
377,2meyh9rdm8wf1d4xvqz4dtzis,cdj7tqbsake4a0ks5pwm23t23,50,49:09,G,si3wcnvnhiukn1novyv1su6t
378,2meyh9rdm8wf1d4xvqz4dtzis,cdj7tqbsake4a0ks5pwm23t23,53,52:57,G,c5r3jkp8lz1hunxkygs8g123t
379,2meyh9rdm8wf1d4xvqz4dtzis,59d4d2m78t2lqabd1m7o90std,62,61:45,G,eeqnkxrcutljzjb9moijcz6qd
380,2meyh9rdm8wf1d4xvqz4dtzis,cdj7tqbsake4a0ks5pwm23t23,90,89:08,G,m1lbmlled2xtj2ilk4oiyrc9
381,2lvm99hhqya6wc6tgycttypec,eizgmllil1zrzpk6zbue0hl7m,15,14:59,G,c487t25grh1jsxb0u61581jh1
382,2lvm99hhqya6wc6tgycttypec,4y5xl8r1nkg1n9hnjzo53v8xk,57,56:47,G,51mu62nt2yufzzi9qt45e3cnp
383,2lvm99hhqya6wc6tgycttypec,eizgmllil1zrzpk6zbue0hl7m,64,63:50,G,aoa2cqk79rtkevrzz2x5h0m39
384,2lvm99hhqya6wc6tgycttypec,eizgmllil1zrzpk6zbue0hl7m,83,82:48,G,7oqj9f7v7ev94cll5wq1u2h1x
385,6xpky81m8uvumwk2hkbqosa5m,4y5xl8r1nkg1n9hnjzo53v8xk,37,36:54,PG,51mu62nt2yufzzi9qt45e3cnp
386,6xpky81m8uvumwk2hkbqosa5m,cpqaizhc99tbsqm6h2cgampio,80,79:55,PG,2mv48xbwjnyqclrsgn2oedtjp
387,2ma0jefw6x5xg07kq1oprpbmc,8rpjhpm2j1q7p40zfmlqpj8am,39,38:38,PG,b9b44wsl4d24yps6luijnhgix
388,2ma0jefw6x5xg07kq1oprpbmc,cpqaizhc99tbsqm6h2cgampio,72,71:27,G,6ovbzzxyqz4b17scxmkisnvth
389,2ma0jefw6x5xg07kq1oprpbmc,8rpjhpm2j1q7p40zfmlqpj8am,81,80:45,G,b9b44wsl4d24yps6luijnhgix
390,616vsh5ee017gsvcmksmhfsb8,8rpjhpm2j1q7p40zfmlqpj8am,58,57:26,G,b9b44wsl4d24yps6luijnhgix
391,616vsh5ee017gsvcmksmhfsb8,eizgmllil1zrzpk6zbue0hl7m,85,84:47,G,20nlgsq16kafx50t43fgp8r85
392,9p84t2hzs0vxene7gnpe8imi2,4wb893al733feakm9teqqqnlg,23,22:09,G,c8kksze0li7ndudwsxusykamt
393,9p84t2hzs0vxene7gnpe8imi2,eizgmllil1zrzpk6zbue0hl7m,48,47:21,G,7oqj9f7v7ev94cll5wq1u2h1x
394,e2txlbsq0t9shu593pr80st4a,1f72vqlndphmzn45x0nhdqk3e,13,12:24,G,21yxomlpwzh54k7tivw3j457u
395,e2txlbsq0t9shu593pr80st4a,1f72vqlndphmzn45x0nhdqk3e,84,83:36,G,1pxq5s6wcmaf31abep37buz85
396,3666dznk2dr3vdmzw5rnfhiei,1f72vqlndphmzn45x0nhdqk3e,21,20:24,G,3u8o54ozv8frmg0dct2uqnt1x
397,2l917o2hvl1y8vh4cjz86cjys,hfu6x1260h62zj7xl6cn95hx,94,93:33,PG,9syjo8gdmcsdv5czc1e8w4xxx
398,8gmv1qijaetr4t3ewc4e15ij8,hfu6x1260h62zj7xl6cn95hx,79,78:58,G,2061k6wctcwfxtmj6qcil42xh
399,8gmv1qijaetr4t3ewc4e15ij8,hfu6x1260h62zj7xl6cn95hx,82,81:19,G,3v7tgph1d8cgw4sj3vhq9x3hl
400,8gmv1qijaetr4t3ewc4e15ij8,hfu6x1260h62zj7xl6cn95hx,93,92:22,G,bn04vhl78qfknkl5fk84rkuz9
401,9o9ji2f68p2wuser85d3ah9wq,cdj7tqbsake4a0ks5pwm23t23,52,51:58,G,m1lbmlled2xtj2ilk4oiyrc9
402,9o9ji2f68p2wuser85d3ah9wq,bw2py3aiws1rq61pokete3kv2,72,71:01,G,4zoh16h4bim3680g90nmnfb2t
403,9pg2evs77obh70jmd5wa7lsh6,1zsb1ovzidi8rft1vzw4me71m,2,1:36,G,9ynfb3x8vdydd82128cppk8gl
404,9pg2evs77obh70jmd5wa7lsh6,59d4d2m78t2lqabd1m7o90std,11,10:46,PG,1udhwk2qkh23pl0vykuj8m7rp
405,9pg2evs77obh70jmd5wa7lsh6,1zsb1ovzidi8rft1vzw4me71m,39,38:55,PG,bvi7qxhjj54wje1qm709065ed
406,9pg2evs77obh70jmd5wa7lsh6,59d4d2m78t2lqabd1m7o90std,47,46:42,G,3i66iyijtz2p4xd7ngsc444ph
407,9pg2evs77obh70jmd5wa7lsh6,1zsb1ovzidi8rft1vzw4me71m,72,71:40,G,e9ku3q311eg5t8lrxfcof65m1
408,9pg2evs77obh70jmd5wa7lsh6,59d4d2m78t2lqabd1m7o90std,86,85:33,G,18pa8hde4d0jkbtpltej87tg5
409,362qf7qwwf5o21gwe3hlw7k7o,2nxp7ufclxwbtaozvx5zj1zym,82,81:43,G,77bwgkpu6tylbyfvuwdzoek15
410,e8lh2bhu1yzkk1snzlr78qusq,eizgmllil1zrzpk6zbue0hl7m,48,47:01,G,6ux0eepmo87ypark4owl95b6d
411,e8lh2bhu1yzkk1snzlr78qusq,4y5xl8r1nkg1n9hnjzo53v8xk,53,52:42,PG,5io2106rxpshzsc39qigm1nth
412,e8lh2bhu1yzkk1snzlr78qusq,4y5xl8r1nkg1n9hnjzo53v8xk,68,67:42,G,dzvs8zk8j4rgbda6thqtserfu
413,e8lh2bhu1yzkk1snzlr78qusq,eizgmllil1zrzpk6zbue0hl7m,83,82:11,G,3gl531k6v6qumpxb5tp17nxlh
414,6xvvx278kjjdep0f9uv3jo8yy,bd1veyn5g4r8zbaquf8b8pksp,70,69:32,G,napvicstt332tuhec6iyx5n9
415,e97sbhywcohl2jbzelfi3xnxm,59d4d2m78t2lqabd1m7o90std,37,36:21,G,3hwd7jyifs3dei1mhpbdzx68l
416,e97sbhywcohl2jbzelfi3xnxm,4y5xl8r1nkg1n9hnjzo53v8xk,68,67:50,G,a7twiics4lxbx3cmji98he2fp
417,2ljlhzxx4wsr3g5dzkgf14ys4,eizgmllil1zrzpk6zbue0hl7m,4,3:04,G,888s3939roy7s3aq01ehh5vpx
418,2ljlhzxx4wsr3g5dzkgf14ys4,2nxp7ufclxwbtaozvx5zj1zym,32,31:21,G,3xz9cyx54low8hq4xm2s04ogl
419,2ljlhzxx4wsr3g5dzkgf14ys4,eizgmllil1zrzpk6zbue0hl7m,60,59:42,OG,4rq5t22hdh69nxztwxsr8dfpx
420,e3ivkmgycpwfrl2n0p9x6f8fe,bd1veyn5g4r8zbaquf8b8pksp,22,21:15,G,ch24btk29fxkdm14rzea7igdm
421,e3ivkmgycpwfrl2n0p9x6f8fe,bd1veyn5g4r8zbaquf8b8pksp,67,66:31,G,egdpq1pva7hl7w0yfnwj469cl
422,e3ivkmgycpwfrl2n0p9x6f8fe,bw2py3aiws1rq61pokete3kv2,86,85:48,PG,b3gzwpdhc43oz9u4ihkqgug2d
423,bfc2u5g9u73b92gdojhvmqs16,bd1veyn5g4r8zbaquf8b8pksp,7,6:44,PG,5ubpbn6j49ob3rmfq4ac356tx
424,bfc2u5g9u73b92gdojhvmqs16,1iy5a1mzucfenathcnlhmp95a,21,20:06,G,5m7gtqlmb66jcwhqmfebt46vp
425,bfc2u5g9u73b92gdojhvmqs16,1iy5a1mzucfenathcnlhmp95a,88,87:41,G,b9zm1s1sjespi01z9v3bwnkr9
426,6xszsf73jq5za2sb00qx4pox6,cdj7tqbsake4a0ks5pwm23t23,24,23:42,G,8ez1fcn0k8b9m3hpac7mzbqad
427,6xszsf73jq5za2sb00qx4pox6,cdj7tqbsake4a0ks5pwm23t23,87,86:51,G,m1lbmlled2xtj2ilk4oiyrc9
428,6xszsf73jq5za2sb00qx4pox6,cdj7tqbsake4a0ks5pwm23t23,90,89:21,G,1ghdbvrho16mzdz9qcn9k2ytx
429,70vwyqcnbt33kehjonqfsff56,7gkwmrw0cjz0m168ouw00z4gy,25,24:08,PG,3k8wr5chjtaakdyyftcqpak0l
430,70vwyqcnbt33kehjonqfsff56,7gkwmrw0cjz0m168ouw00z4gy,35,34:39,G,4zi6eeqn2stbyebxwfwqhozx1
431,70vwyqcnbt33kehjonqfsff56,7gkwmrw0cjz0m168ouw00z4gy,45,44:39,G,avzd8n4n9x655hu62cspydot1
432,70vwyqcnbt33kehjonqfsff56,bw2py3aiws1rq61pokete3kv2,71,70:44,G,6aiecfxg2e102e6vg8vfaf8x5
433,70vwyqcnbt33kehjonqfsff56,7gkwmrw0cjz0m168ouw00z4gy,83,82:41,PG,3k8wr5chjtaakdyyftcqpak0l
434,e8xk566qpqwg52yldys0x3luy,ehsvy9m92bp6ktgoy6pwv8rdm,26,25:01,G,y9v0u6zwopgjkp64nili8rth
435,e8xk566qpqwg52yldys0x3luy,1zsb1ovzidi8rft1vzw4me71m,46,45:50,G,1psp77of8z48io79kj56h0ez9
436,e8xk566qpqwg52yldys0x3luy,ehsvy9m92bp6ktgoy6pwv8rdm,59,58:50,PG,abzf358c7vw4vhw5ad819t9zp
437,e8xk566qpqwg52yldys0x3luy,1zsb1ovzidi8rft1vzw4me71m,63,62:18,G,bvi7qxhjj54wje1qm709065ed
438,e8xk566qpqwg52yldys0x3luy,1zsb1ovzidi8rft1vzw4me71m,72,71:37,G,bvi7qxhjj54wje1qm709065ed
439,e942lemd4mqsxtbxiv50i4h9m,hfu6x1260h62zj7xl6cn95hx,51,50:47,PG,9syjo8gdmcsdv5czc1e8w4xxx
440,e942lemd4mqsxtbxiv50i4h9m,hfu6x1260h62zj7xl6cn95hx,58,57:17,G,d3s4hail4zq1sc81e0gjr6nrp
441,35ug5l2v33nvpfys0c2qkr9qs,8rpjhpm2j1q7p40zfmlqpj8am,50,49:41,G,248uds9v4rrmkynvv2192hadx
442,60i5z3gp3raro8v8m64nhopw4,1zsb1ovzidi8rft1vzw4me71m,31,30:04,G,84dg7hl1lq8j7ln1enp7dopyi
443,60i5z3gp3raro8v8m64nhopw4,59d4d2m78t2lqabd1m7o90std,59,58:04,PG,3i66iyijtz2p4xd7ngsc444ph
444,9op4djb93ljpuxyrewfe4h2ei,bd1veyn5g4r8zbaquf8b8pksp,48,47:27,G,napvicstt332tuhec6iyx5n9
445,61dcbsb7t5bqieovumx25xes4,bd1veyn5g4r8zbaquf8b8pksp,2,1:55,G,755nyk97op1dyuqql7ip8t08a
446,61dcbsb7t5bqieovumx25xes4,bd1veyn5g4r8zbaquf8b8pksp,21,20:17,PG,egdpq1pva7hl7w0yfnwj469cl
447,61dcbsb7t5bqieovumx25xes4,bd1veyn5g4r8zbaquf8b8pksp,53,52:03,G,9hop4kpyrrkombigyebfbiifp
448,61dcbsb7t5bqieovumx25xes4,bd1veyn5g4r8zbaquf8b8pksp,66,65:53,G,5ubpbn6j49ob3rmfq4ac356tx
449,61dcbsb7t5bqieovumx25xes4,59d4d2m78t2lqabd1m7o90std,88,87:07,G,18pa8hde4d0jkbtpltej87tg5
450,bekwil36ammqt8qb5dymm4l7u,59d4d2m78t2lqabd1m7o90std,8,7:51,G,3i66iyijtz2p4xd7ngsc444ph
451,bekwil36ammqt8qb5dymm4l7u,hfu6x1260h62zj7xl6cn95hx,46,45:56,G,ds2e8nkmztnxtfi9hnnefl1m2
452,bekwil36ammqt8qb5dymm4l7u,59d4d2m78t2lqabd1m7o90std,53,52:42,G,4yrdgfx2ywrejye3jt3s3udw5
453,bekwil36ammqt8qb5dymm4l7u,hfu6x1260h62zj7xl6cn95hx,64,63:26,PG,9syjo8gdmcsdv5czc1e8w4xxx
454,bekwil36ammqt8qb5dymm4l7u,hfu6x1260h62zj7xl6cn95hx,84,83:12,G,3v7tgph1d8cgw4sj3vhq9x3hl
455,6yfvv7k87kyjyu96eb4rmzqei,hfu6x1260h62zj7xl6cn95hx,24,23:39,G,3v7tgph1d8cgw4sj3vhq9x3hl
456,6yfvv7k87kyjyu96eb4rmzqei,2nxp7ufclxwbtaozvx5zj1zym,27,26:55,G,u17bw7ovt1wyrdyf18k2mkt1
457,6yfvv7k87kyjyu96eb4rmzqei,hfu6x1260h62zj7xl6cn95hx,63,62:09,G,bn04vhl78qfknkl5fk84rkuz9
458,61beqwnm85nrm12tf1cl7ciz8,1f72vqlndphmzn45x0nhdqk3e,6,5:20,G,5bj418xljvx94aqjw74f2wcet
459,61beqwnm85nrm12tf1cl7ciz8,8puc16dm0ut6bvv6u6ivpe2ch,27,26:31,G,drtoqm93lulssafz5z6rpavv9
460,719x49v94nzl698q2kqx9wiga,1zsb1ovzidi8rft1vzw4me71m,3,2:10,G,7ecbyibqvmdjcsj8gr9wq6cx5
461,719x49v94nzl698q2kqx9wiga,1zsb1ovzidi8rft1vzw4me71m,7,6:56,G,e9ku3q311eg5t8lrxfcof65m1
462,bfl2rbjqjw6l600unlzyqjo16,bw2py3aiws1rq61pokete3kv2,48,47:27,PG,b3gzwpdhc43oz9u4ihkqgug2d
463,bfl2rbjqjw6l600unlzyqjo16,ehsvy9m92bp6ktgoy6pwv8rdm,65,64:57,G,3loc50uo96004zxczuihbzrh1
464,bfl2rbjqjw6l600unlzyqjo16,bw2py3aiws1rq61pokete3kv2,84,83:07,G,291if1ztyi29pataofxj3xqs5
465,bfl2rbjqjw6l600unlzyqjo16,ehsvy9m92bp6ktgoy6pwv8rdm,96,95:14,G,2v1gnc16lhwfsr26o8b10czfu
466,be387kr5cz9i8libgnyfw5kdm,cpqaizhc99tbsqm6h2cgampio,55,54:15,PG,72s5nyjuxb6ydlq4kdybz3get
467,197v28lujrhutjesetsclnfca,4wb893al733feakm9teqqqnlg,18,17:43,G,60a2pk7zaclwwq7n9qchurxlh
468,197v28lujrhutjesetsclnfca,1iy5a1mzucfenathcnlhmp95a,52,51:26,PG,asemdmv1osabmn120g5ruhud
469,197v28lujrhutjesetsclnfca,4wb893al733feakm9teqqqnlg,61,60:39,G,c8kksze0li7ndudwsxusykamt
470,197v28lujrhutjesetsclnfca,1iy5a1mzucfenathcnlhmp95a,89,88:42,G,euhin21cqzflsv1vcedt7ew2d
471,197v28lujrhutjesetsclnfca,1iy5a1mzucfenathcnlhmp95a,96,95:14,G,1jpzv3pesjkjfm1x28nl89sk5
472,8hv0maqpub8hr05p84rgdklck,cpqaizhc99tbsqm6h2cgampio,57,56:09,G,748h26tk6u48g3iwpcwjsbe8l
473,8hv0maqpub8hr05p84rgdklck,cpqaizhc99tbsqm6h2cgampio,90,89:48,G,2mv48xbwjnyqclrsgn2oedtjp
474,6y4yw6xt5aibhzt7g9vgdtfu2,8puc16dm0ut6bvv6u6ivpe2ch,25,24:21,G,al3ls8yq5tgr0ss8vdea84ogl
475,6y4yw6xt5aibhzt7g9vgdtfu2,1iy5a1mzucfenathcnlhmp95a,79,78:24,G,euhin21cqzflsv1vcedt7ew2d
476,173c8rtrj88eptu65jks9bhg4,2nxp7ufclxwbtaozvx5zj1zym,73,72:56,G,83pehcs280uby1806wow0dwb9
477,2m2tkp88wqo6lxp39cw9wgowk,9dqkgu00tn42928lrrxlis95a,17,16:29,PG,3kgj8qv3krm0g4u8eidfdw0r9
478,2m2tkp88wqo6lxp39cw9wgowk,9dqkgu00tn42928lrrxlis95a,46,45:35,G,3kgj8qv3krm0g4u8eidfdw0r9
479,2m2tkp88wqo6lxp39cw9wgowk,bd1veyn5g4r8zbaquf8b8pksp,69,68:34,G,755nyk97op1dyuqql7ip8t08a
480,2m2tkp88wqo6lxp39cw9wgowk,9dqkgu00tn42928lrrxlis95a,75,74:42,G,2vsfek9vs6zdvueb4v23vrj6d
481,71ghet1v7h8riqtzbcjd1afl6,eizgmllil1zrzpk6zbue0hl7m,19,18:35,G,8jiug6aq1plhdoc07u3fem6l1
482,71ghet1v7h8riqtzbcjd1afl6,eizgmllil1zrzpk6zbue0hl7m,22,21:44,G,7oqj9f7v7ev94cll5wq1u2h1x
483,71ghet1v7h8riqtzbcjd1afl6,hfu6x1260h62zj7xl6cn95hx,44,43:25,G,2061k6wctcwfxtmj6qcil42xh
484,71ghet1v7h8riqtzbcjd1afl6,hfu6x1260h62zj7xl6cn95hx,53,52:23,PG,9syjo8gdmcsdv5czc1e8w4xxx
485,35ijq76er8p2f7v0rd4s8s8kq,cdj7tqbsake4a0ks5pwm23t23,15,14:20,G,epfwjk84jo741igp7fxe4c2qd
486,35ijq76er8p2f7v0rd4s8s8kq,cdj7tqbsake4a0ks5pwm23t23,27,27:00,G,epfwjk84jo741igp7fxe4c2qd
487,35ijq76er8p2f7v0rd4s8s8kq,bd1veyn5g4r8zbaquf8b8pksp,38,37:32,G,qdod2x0hjp4l7ry77kd4tkgl
488,35ijq76er8p2f7v0rd4s8s8kq,cdj7tqbsake4a0ks5pwm23t23,48,47:52,G,a85ou2fbpndhtgji6in5mrz6d
489,35ijq76er8p2f7v0rd4s8s8kq,cdj7tqbsake4a0ks5pwm23t23,82,81:43,G,epfwjk84jo741igp7fxe4c2qd
490,35ijq76er8p2f7v0rd4s8s8kq,cdj7tqbsake4a0ks5pwm23t23,89,88:32,G,epfwjk84jo741igp7fxe4c2qd
491,2lh9d2t2bxocxldsaf3ns3i1g,4wb893al733feakm9teqqqnlg,16,15:46,G,2mg31e4otqxsqhnsmbhphu0ut
492,2lh9d2t2bxocxldsaf3ns3i1g,cpqaizhc99tbsqm6h2cgampio,48,47:22,G,2mv48xbwjnyqclrsgn2oedtjp
493,9pqn0xp8a8ubg1twm305ibnmy,ehsvy9m92bp6ktgoy6pwv8rdm,20,19:26,G,abzf358c7vw4vhw5ad819t9zp
494,9pqn0xp8a8ubg1twm305ibnmy,ehsvy9m92bp6ktgoy6pwv8rdm,42,41:46,G,emxgknli5uxn1xhkmxdixyh91
495,9pqn0xp8a8ubg1twm305ibnmy,4y5xl8r1nkg1n9hnjzo53v8xk,65,64:13,PG,51mu62nt2yufzzi9qt45e3cnp
496,9pqn0xp8a8ubg1twm305ibnmy,4y5xl8r1nkg1n9hnjzo53v8xk,93,92:51,G,51mu62nt2yufzzi9qt45e3cnp
497,18sc8umawu7jp8f65hjcnnuqy,hfu6x1260h62zj7xl6cn95hx,19,18:02,PG,9syjo8gdmcsdv5czc1e8w4xxx
498,18sc8umawu7jp8f65hjcnnuqy,8rpjhpm2j1q7p40zfmlqpj8am,53,52:12,PG,4lavermlnoyl8wqjkwpx5uytx
499,18sc8umawu7jp8f65hjcnnuqy,hfu6x1260h62zj7xl6cn95hx,59,58:35,G,d3s4hail4zq1sc81e0gjr6nrp
500,727zsfy4o39x7kqkmmp4o2lpm,59d4d2m78t2lqabd1m7o90std,47,46:51,G,5ajtpr7zaybavvee6wv16yh1x
501,727zsfy4o39x7kqkmmp4o2lpm,2nxp7ufclxwbtaozvx5zj1zym,72,71:09,G,didi62zdit4vtyfye0qxw7105
502,727zsfy4o39x7kqkmmp4o2lpm,59d4d2m78t2lqabd1m7o90std,84,83:13,G,18pa8hde4d0jkbtpltej87tg5
503,72cjc9ptw5tb538qjy0fmylbe,7gkwmrw0cjz0m168ouw00z4gy,36,35:19,G,4zi6eeqn2stbyebxwfwqhozx1
504,72cjc9ptw5tb538qjy0fmylbe,7gkwmrw0cjz0m168ouw00z4gy,54,53:45,G,7qinj1hp24xlzrp40lji1r3rp
505,72cjc9ptw5tb538qjy0fmylbe,cpqaizhc99tbsqm6h2cgampio,57,56:08,G,748h26tk6u48g3iwpcwjsbe8l
506,72cjc9ptw5tb538qjy0fmylbe,7gkwmrw0cjz0m168ouw00z4gy,87,86:03,G,39qv8yz0yfoa7sqxard74b90q
507,e9etk1zchj8zhlgnbaefvcrqi,4wb893al733feakm9teqqqnlg,44,43:46,G,34x6eabrx5t9one9q6ifwtyp5
508,e9etk1zchj8zhlgnbaefvcrqi,4wb893al733feakm9teqqqnlg,55,54:50,PG,4amvjmzixl30pg91ep6b9xhx
509,e9etk1zchj8zhlgnbaefvcrqi,4wb893al733feakm9teqqqnlg,62,61:45,G,34x6eabrx5t9one9q6ifwtyp5
510,8hx5l7hccjkosotqxz7tfan10,4wb893al733feakm9teqqqnlg,13,12:10,G,60a2pk7zaclwwq7n9qchurxlh
511,8hx5l7hccjkosotqxz7tfan10,4wb893al733feakm9teqqqnlg,25,24:33,G,34x6eabrx5t9one9q6ifwtyp5
512,35l51noj0croxackk6i4d1zbo,4y5xl8r1nkg1n9hnjzo53v8xk,49,48:59,PG,51mu62nt2yufzzi9qt45e3cnp
513,35l51noj0croxackk6i4d1zbo,4y5xl8r1nkg1n9hnjzo53v8xk,52,51:50,G,51mu62nt2yufzzi9qt45e3cnp
514,24po3gskaeax4azyjk30r3dka,cpqaizhc99tbsqm6h2cgampio,23,22:34,G,2mv48xbwjnyqclrsgn2oedtjp
515,e4et52zcrcefo2askg3hao60a,4wb893al733feakm9teqqqnlg,1,0:25,OG,17qf5ikex0q4ytrw7pk22tal1
516,e4et52zcrcefo2askg3hao60a,hfu6x1260h62zj7xl6cn95hx,5,4:22,G,ds2e8nkmztnxtfi9hnnefl1m2
517,e4et52zcrcefo2askg3hao60a,hfu6x1260h62zj7xl6cn95hx,33,32:22,G,2061k6wctcwfxtmj6qcil42xh
518,37vm91kjjjdhjsohmnxjuj9t6,bd1veyn5g4r8zbaquf8b8pksp,35,34:11,G,5ubpbn6j49ob3rmfq4ac356tx
519,8hc9gmng605wwixfjsn4v60b8,cdj7tqbsake4a0ks5pwm23t23,10,9:17,PG,epfwjk84jo741igp7fxe4c2qd
520,8hc9gmng605wwixfjsn4v60b8,cdj7tqbsake4a0ks5pwm23t23,46,45:03,G,epfwjk84jo741igp7fxe4c2qd
521,8hc9gmng605wwixfjsn4v60b8,59d4d2m78t2lqabd1m7o90std,72,71:12,G,as7z3zymiedo4zip710ckhdxx
522,8hc9gmng605wwixfjsn4v60b8,59d4d2m78t2lqabd1m7o90std,77,76:29,G,4yrdgfx2ywrejye3jt3s3udw5
523,24w5grlqt6w262h5xf9dnoj8q,1f72vqlndphmzn45x0nhdqk3e,61,60:32,G,1pxq5s6wcmaf31abep37buz85
524,18v4yo6lnrquffm7nk3fjxgtm,1f72vqlndphmzn45x0nhdqk3e,14,13:08,G,8davjer5vpeg0pa07h5mszzyt
525,18v4yo6lnrquffm7nk3fjxgtm,1f72vqlndphmzn45x0nhdqk3e,42,41:11,G,6rrdxeucdgwlw1p7mr0gl64q2
526,18v4yo6lnrquffm7nk3fjxgtm,bw2py3aiws1rq61pokete3kv2,46,45:49,G,6aiecfxg2e102e6vg8vfaf8x5
527,bfibgdc0gwe27rs4cjlh0lxt6,cdj7tqbsake4a0ks5pwm23t23,60,59:07,PG,epfwjk84jo741igp7fxe4c2qd
528,bfibgdc0gwe27rs4cjlh0lxt6,cdj7tqbsake4a0ks5pwm23t23,77,76:08,G,epfwjk84jo741igp7fxe4c2qd
529,bfibgdc0gwe27rs4cjlh0lxt6,cdj7tqbsake4a0ks5pwm23t23,94,93:02,G,5suxy8zywnnbalcujii6srdre
530,60aloysx2iauzhnfx11bkp1xw,8puc16dm0ut6bvv6u6ivpe2ch,29,28:28,G,add9ngs1kgn6qn9ajwmhd7npx
531,60aloysx2iauzhnfx11bkp1xw,2nxp7ufclxwbtaozvx5zj1zym,34,33:49,G,didi62zdit4vtyfye0qxw7105
532,60aloysx2iauzhnfx11bkp1xw,2nxp7ufclxwbtaozvx5zj1zym,50,49:07,G,didi62zdit4vtyfye0qxw7105
533,60aloysx2iauzhnfx11bkp1xw,2nxp7ufclxwbtaozvx5zj1zym,83,82:17,G,evddj85emdzndmfsz74tex0wl
