,date,time,week,lastUpdated,description,contestant0,contestant0_position,contestant1,contestant1_position,venue_id,venue_neutral,attendance,contestant0_lineup,contestant1_lineup,score_home,score_away,winner,matchLengthMin,matchLengthSec
16ziqpcwrfxykpgdo1cz3oj6c,2020-12-12Z,23:30:00Z,23,2020-12-13T01:33:01Z,Universidad Concepción vs Audax Italiano,4y5xl8r1nkg1n9hnjzo53v8xk,home,59d4d2m78t2lqabd1m7o90std,away,c8jak571286lu98uk2345pmfr,no,0,4231,451,3,1,home,96,0
e9hmyaml8l8lvehcm4vtgffxm,2020-03-15Z,21:00:00Z,8,2020-11-22T12:43:15Z,Unión Española vs Huachipato,1iy5a1mzucfenathcnlhmp95a,home,cpqaizhc99tbsqm6h2cgampio,away,5rm4rbdvhmluflf5mbqk0ryz5,no,1741,433,4231,4,4,draw,103,20
35uxmvta1p7xfwsj4de7w16cq,2020-02-02Z,21:00:00Z,2,2020-11-22T13:12:36Z,Universidad Católica vs O'Higgins,7gkwmrw0cjz0m168ouw00z4gy,home,8rpjhpm2j1q7p40zfmlqpj8am,away,emsrfv9ufm0g1hgs7a6msgpar,no,8741,4231,4231,3,2,home,99,8
2llzoi9rg31t76n45t85znlzo,2020-11-18Z,13:30:00Z,19,2020-11-24T13:07:49Z,Curicó Unido vs Universidad Concepción,bd1veyn5g4r8zbaquf8b8pksp,home,4y5xl8r1nkg1n9hnjzo53v8xk,away,c0v9hraes3113gb4bhmdc8cc7,no,0,442,4231,2,2,draw,104,59
e4bpquhss9f0eh4i91qjpdroq,2020-09-26Z,21:30:00Z,12,2020-11-23T17:44:23Z,Audax Italiano vs Curicó Unido,59d4d2m78t2lqabd1m7o90std,home,bd1veyn5g4r8zbaquf8b8pksp,away,1wlwlq1c9rptcuwb8dqp1vppe,no,0,433,433,0,0,draw,100,6
e483wx49hik12tglkjcj3z4ve,2020-09-26Z,19:00:00Z,12,2020-11-23T14:09:36Z,Everton vs Universidad Católica,9dqkgu00tn42928lrrxlis95a,home,7gkwmrw0cjz0m168ouw00z4gy,away,47un6skvihzilcred8vzvibbp,no,0,41212,343,2,2,draw,95,53
6yulwht5v41j7ks1pd8jgc296,2020-02-17Z,00:00:00Z,4,2020-11-23T17:44:23Z,Universidad Concepción vs Curicó Unido,4y5xl8r1nkg1n9hnjzo53v8xk,home,bd1veyn5g4r8zbaquf8b8pksp,away,c8jak571286lu98uk2345pmfr,no,1256,4141,433,1,2,away,95,59
9ojvxqa64pgu8jjuloey2ymwa,2020-02-23Z,23:00:00Z,5,2020-11-14T13:28:30Z,Audax Italiano vs Palestino,59d4d2m78t2lqabd1m7o90std,home,8puc16dm0ut6bvv6u6ivpe2ch,away,8nayliomd2w5tfjjb4vlabzla,no,765,433,433,0,1,away,99,2
18ygbx2z2q3pesbr1ljpxiru2,2020-01-25Z,23:30:00Z,1,2020-11-23T18:15:27Z,Audax Italiano vs Cobresal,59d4d2m78t2lqabd1m7o90std,home,eizgmllil1zrzpk6zbue0hl7m,away,1wlwlq1c9rptcuwb8dqp1vppe,no,1467,433,4231,4,1,home,94,59
8gqoke3u7ctdhwynfiryu6xp0,2020-10-21Z,16:30:00Z,16,2020-11-24T13:07:49Z,Coquimbo Unido vs Universidad Concepción,bw2py3aiws1rq61pokete3kv2,home,4y5xl8r1nkg1n9hnjzo53v8xk,away,87zbk2w1ksko6ak4vungb5q6o,no,0,352,442,0,2,away,99,58
71urz6or373xk6iwl09hvly0a,2020-09-10Z,19:00:00Z,10,2020-11-07T15:11:06Z,Deportes Iquique vs Universidad de Chile,4wb893al733feakm9teqqqnlg,home,cdj7tqbsake4a0ks5pwm23t23,away,4tw2z4pf03t59w7jqk2h479l9,no,0,442,4312,0,2,away,95,56
9pvq78gijvvhyyc6ujqjf6g6i,2020-03-01Z,15:00:00Z,6,2020-11-07T13:52:14Z,Coquimbo Unido vs La Serena,bw2py3aiws1rq61pokete3kv2,home,2nxp7ufclxwbtaozvx5zj1zym,away,87zbk2w1ksko6ak4vungb5q6o,no,6050,433,3511,2,1,home,96,8
17et6fhgyf6mzhey69rfuhd04,2020-12-12Z,21:00:00Z,23,2020-12-12T22:59:20Z,Unión Española vs Colo Colo,1iy5a1mzucfenathcnlhmp95a,home,ehsvy9m92bp6ktgoy6pwv8rdm,away,5rm4rbdvhmluflf5mbqk0ryz5,no,0,433,433,1,2,away,98,41
e3vkr08m8zbsa20k90v2gmvsa,2020-09-25Z,21:30:00Z,12,2020-11-03T03:09:37Z,Huachipato vs La Serena,cpqaizhc99tbsqm6h2cgampio,home,2nxp7ufclxwbtaozvx5zj1zym,away,8spwr9hcck0aicsxb2f71pqr4,no,0,4231,442,1,1,draw,103,2
9oemkgs5xvboxpfmt3b1ffjai,2020-02-22Z,23:30:00Z,5,2020-11-23T14:09:36Z,Everton vs Unión La Calera,9dqkgu00tn42928lrrxlis95a,home,hfu6x1260h62zj7xl6cn95hx,away,47un6skvihzilcred8vzvibbp,no,9262,433,3412,0,1,away,97,0
6xh7e6om0s7btpyvxdqjn8iga,2020-02-10Z,21:00:00Z,3,2020-11-13T21:02:30Z,O'Higgins vs Santiago Wanderers,8rpjhpm2j1q7p40zfmlqpj8am,home,1zsb1ovzidi8rft1vzw4me71m,away,4aqkwzehjs713dlt83m7nffwz,no,3468,4231,352,2,1,home,101,17
60mfls8gz3i03rm7ngwt2nsic,2020-11-23Z,00:30:00Z,20,2020-11-23T03:09:38Z,Universidad Católica vs Deportivo Antofagasta,7gkwmrw0cjz0m168ouw00z4gy,home,1f72vqlndphmzn45x0nhdqk3e,away,emsrfv9ufm0g1hgs7a6msgpar,no,0,433,4231,5,3,home,96,7
8hlp7dbw7l4qoru8xyhrslhxw,2020-10-30Z,14:00:00Z,17,2020-11-22T02:59:28Z,Deportivo Antofagasta vs Unión La Calera,1f72vqlndphmzn45x0nhdqk3e,home,hfu6x1260h62zj7xl6cn95hx,away,3tq7ow42ae3jqxxidbhl0nmck,no,0,4231,352,3,1,home,104,14
17aseptr0oghkdrecis5a2uqc,2020-12-13Z,22:15:00Z,23,2020-12-14T00:18:19Z,Santiago Wanderers vs Everton,1zsb1ovzidi8rft1vzw4me71m,home,9dqkgu00tn42928lrrxlis95a,away,7ijsj6wfhan1bkyrwqipk7fh,no,0,442,41212,2,1,home,104,23
e9axi9mf196lpaqeizu8nbqlm,2020-03-14Z,15:00:00Z,8,2020-11-23T18:15:28Z,Cobresal vs Universidad Católica,eizgmllil1zrzpk6zbue0hl7m,home,7gkwmrw0cjz0m168ouw00z4gy,away,3n97dyxjyuzaqh3nvs1poz8ni,no,1014,41212,4231,0,1,away,98,54
6102amel9f7hdouijnqtxtlas,2020-12-03Z,23:00:00Z,21,2020-12-04T14:24:28Z,Unión Española vs Universidad Concepción,1iy5a1mzucfenathcnlhmp95a,home,4y5xl8r1nkg1n9hnjzo53v8xk,away,5rm4rbdvhmluflf5mbqk0ryz5,no,0,4141,4231,1,1,draw,98,17
6xz3yiwldqt1w7aqvq1xeicmi,2020-02-09Z,15:00:00Z,3,2020-11-22T13:12:36Z,Deportivo Antofagasta vs Universidad Católica,1f72vqlndphmzn45x0nhdqk3e,home,7gkwmrw0cjz0m168ouw00z4gy,away,3tq7ow42ae3jqxxidbhl0nmck,no,4073,433,433,2,3,away,101,34
9otzyoawtogytbhzdg1jyjlnu,2020-02-21Z,21:30:00Z,5,2020-11-22T13:12:36Z,Universidad Católica vs Deportes Iquique,7gkwmrw0cjz0m168ouw00z4gy,home,4wb893al733feakm9teqqqnlg,away,emsrfv9ufm0g1hgs7a6msgpar,no,8610,433,442,3,1,home,97,7
bf2bjt3l2nkkesrykjnkd66ay,2020-10-11Z,19:00:00Z,14,2020-11-14T13:28:30Z,Unión La Calera vs Palestino,hfu6x1260h62zj7xl6cn95hx,home,8puc16dm0ut6bvv6u6ivpe2ch,away,1i2uslf0wsygp1h6uteshqcxj,no,0,352,442,1,0,home,99,4
2lt3n7w69agx5dtse95x4q2ac,2020-11-17Z,13:30:00Z,19,2020-11-17T15:25:17Z,O'Higgins vs Palestino,8rpjhpm2j1q7p40zfmlqpj8am,home,8puc16dm0ut6bvv6u6ivpe2ch,away,4aqkwzehjs713dlt83m7nffwz,no,0,4411,4231,1,0,home,97,3
71z6grckaip7okdybrw8kmn3e,2020-09-10Z,21:30:00Z,10,2020-11-23T14:09:36Z,Everton vs Deportivo Antofagasta,9dqkgu00tn42928lrrxlis95a,home,1f72vqlndphmzn45x0nhdqk3e,away,47un6skvihzilcred8vzvibbp,no,0,41212,4222,0,0,draw,96,15
e3zaw2rsfywquz83q5hhubxwq,2020-09-27Z,19:00:00Z,12,2020-11-22T12:43:15Z,Unión Española vs Universidad de Chile,1iy5a1mzucfenathcnlhmp95a,home,cdj7tqbsake4a0ks5pwm23t23,away,5rm4rbdvhmluflf5mbqk0ryz5,no,0,433,4312,3,1,home,96,34
70sp712dzozu83zn19ndxgktm,2020-09-03Z,15:00:00Z,9,2020-11-24T13:07:49Z,Universidad Concepción vs Unión Española,4y5xl8r1nkg1n9hnjzo53v8xk,home,1iy5a1mzucfenathcnlhmp95a,away,c8jak571286lu98uk2345pmfr,no,0,4231,433,2,3,away,101,47
6yp59qgbocjekewamezodeiju,2020-02-16Z,15:00:00Z,4,2020-11-23T18:15:28Z,Cobresal vs Everton,eizgmllil1zrzpk6zbue0hl7m,home,9dqkgu00tn42928lrrxlis95a,away,3n97dyxjyuzaqh3nvs1poz8ni,no,322,4231,433,1,1,draw,95,39
35obr9fepwmogw4nbakmxa2vo,2020-11-14Z,21:30:00Z,18,2020-11-22T12:43:15Z,Unión Española vs Unión La Calera,1iy5a1mzucfenathcnlhmp95a,home,hfu6x1260h62zj7xl6cn95hx,away,5rm4rbdvhmluflf5mbqk0ryz5,no,0,433,3412,3,2,home,102,7
71jxvrc1ooae2mjmljls44aju,2020-09-09Z,16:30:00Z,10,2020-11-23T18:15:28Z,Cobresal vs Curicó Unido,eizgmllil1zrzpk6zbue0hl7m,home,bd1veyn5g4r8zbaquf8b8pksp,away,3n97dyxjyuzaqh3nvs1poz8ni,no,0,4231,4231,4,0,home,96,21
e9181nqzwbsc9ay94j8z0xkkq,2020-08-30Z,20:00:00Z,8,2020-11-14T13:28:29Z,Palestino vs Universidad de Chile,8puc16dm0ut6bvv6u6ivpe2ch,home,cdj7tqbsake4a0ks5pwm23t23,away,emsrfv9ufm0g1hgs7a6msgpar,no,0,433,442,2,2,draw,96,13
6ycf7lvmrxbmwgdt933n6xw16,2020-08-29Z,20:00:00Z,4,2020-11-07T13:52:14Z,Coquimbo Unido vs Huachipato,bw2py3aiws1rq61pokete3kv2,home,cpqaizhc99tbsqm6h2cgampio,away,87zbk2w1ksko6ak4vungb5q6o,no,0,442,4231,1,2,away,100,2
6z0obwx9bj45vvmfcms5x1x0q,2020-02-16Z,00:30:00Z,4,2020-11-03T03:09:36Z,Deportes Iquique vs Deportivo Antofagasta,4wb893al733feakm9teqqqnlg,home,1f72vqlndphmzn45x0nhdqk3e,away,4tw2z4pf03t59w7jqk2h479l9,no,7742,442,4141,0,4,away,96,16
24t4j91j08jwqua5w8c8t69gq,2020-10-15Z,14:00:00Z,15,2020-11-24T13:07:49Z,Universidad Concepción vs Deportes Iquique,4y5xl8r1nkg1n9hnjzo53v8xk,home,4wb893al733feakm9teqqqnlg,away,c8jak571286lu98uk2345pmfr,no,0,433,433,1,1,draw,96,54
70mvvny3df877fwgwzj6cwne2,2020-09-05Z,15:00:00Z,9,2020-11-03T03:09:36Z,Deportes Iquique vs Huachipato,4wb893al733feakm9teqqqnlg,home,cpqaizhc99tbsqm6h2cgampio,away,4tw2z4pf03t59w7jqk2h479l9,no,0,4312,4231,1,0,home,96,13
8gkyitpbqu4gncbasn4y845qs,2020-10-20Z,14:00:00Z,16,2020-11-03T03:09:36Z,Deportes Iquique vs La Serena,4wb893al733feakm9teqqqnlg,home,2nxp7ufclxwbtaozvx5zj1zym,away,4tw2z4pf03t59w7jqk2h479l9,no,0,433,442,2,0,home,95,50
8gg6o7zfkx7mz7vq1xn82m238,2020-10-20Z,19:00:00Z,16,2020-11-23T17:44:23Z,O'Higgins vs Curicó Unido,8rpjhpm2j1q7p40zfmlqpj8am,home,bd1veyn5g4r8zbaquf8b8pksp,away,4aqkwzehjs713dlt83m7nffwz,no,0,4231,4231,2,2,draw,98,5
18ofwh6krv57uot3vmtym6iqy,2020-01-24Z,21:30:00Z,1,2020-11-23T14:09:36Z,Everton vs Universidad Concepción,9dqkgu00tn42928lrrxlis95a,home,4y5xl8r1nkg1n9hnjzo53v8xk,away,47un6skvihzilcred8vzvibbp,no,5889,442,4312,2,1,home,98,27
6yilqf9wqaytloo1ufvvems8a,2020-02-15Z,15:00:00Z,4,2020-11-12T13:52:11Z,Santiago Wanderers vs Universidad de Chile,1zsb1ovzidi8rft1vzw4me71m,home,cdj7tqbsake4a0ks5pwm23t23,away,9hmvfd1wqmdit65c9ntxdhf1f,no,8128,451,4411,1,2,away,99,46
bevmy56p5istuapyutredlrai,2020-10-10Z,19:00:00Z,14,2020-11-23T14:09:36Z,Everton vs Santiago Wanderers,9dqkgu00tn42928lrrxlis95a,home,1zsb1ovzidi8rft1vzw4me71m,away,47un6skvihzilcred8vzvibbp,no,0,442,442,2,2,draw,98,11
2lqt518z1rawccx8zc9dof5lg,2020-11-19Z,13:30:00Z,19,2020-11-19T15:30:51Z,Deportivo Antofagasta vs Everton,1f72vqlndphmzn45x0nhdqk3e,home,9dqkgu00tn42928lrrxlis95a,away,3tq7ow42ae3jqxxidbhl0nmck,no,0,4231,41212,1,1,draw,97,12
e8ew00ocdykl8753d7aqzq0yy,2020-03-07Z,23:00:00Z,7,2020-11-13T21:02:29Z,Deportes Iquique vs O'Higgins,4wb893al733feakm9teqqqnlg,home,8rpjhpm2j1q7p40zfmlqpj8am,away,4tw2z4pf03t59w7jqk2h479l9,no,7992,4312,4141,1,0,home,105,46
9pcxu7kk2foxef6vi5x4vmr8q,2020-02-29Z,23:30:00Z,6,2020-11-23T14:09:36Z,Unión Española vs Everton,1iy5a1mzucfenathcnlhmp95a,home,9dqkgu00tn42928lrrxlis95a,away,5rm4rbdvhmluflf5mbqk0ryz5,no,2738,433,442,2,0,home,97,5
24j1k31dhx7s0xvm9n7r5dysq,2020-11-11Z,19:00:00Z,15,2020-11-23T17:44:23Z,Curicó Unido vs Universidad Católica,bd1veyn5g4r8zbaquf8b8pksp,home,7gkwmrw0cjz0m168ouw00z4gy,away,c0v9hraes3113gb4bhmdc8cc7,no,0,442,41212,3,2,home,38551,5
60r1qnh6c0ae22xy0t2ke3wno,2020-11-25Z,21:00:00Z,20,2020-11-25T23:19:55Z,Colo Colo vs Curicó Unido,ehsvy9m92bp6ktgoy6pwv8rdm,home,bd1veyn5g4r8zbaquf8b8pksp,away,5q79s10letp5fp21vuyq61mjg,no,0,433,433,0,2,away,95,58
bdzbmw68serf08gtxy2ua68h6,2020-10-03Z,16:30:00Z,13,2020-11-23T18:15:28Z,Deportivo Antofagasta vs Cobresal,1f72vqlndphmzn45x0nhdqk3e,home,eizgmllil1zrzpk6zbue0hl7m,away,3tq7ow42ae3jqxxidbhl0nmck,no,0,41212,4231,2,1,home,97,49
353ut94dtlsaju9om9mhat65m,2020-02-01Z,00:00:00Z,2,2020-11-22T12:43:16Z,Unión La Calera vs Unión Española,hfu6x1260h62zj7xl6cn95hx,home,1iy5a1mzucfenathcnlhmp95a,away,1i2uslf0wsygp1h6uteshqcxj,no,1639,4231,433,1,0,home,98,25
9nuvceah6ha40t1h0d4hnm2qy,2020-02-22Z,15:00:00Z,5,2020-11-23T18:15:27Z,Huachipato vs Cobresal,cpqaizhc99tbsqm6h2cgampio,home,eizgmllil1zrzpk6zbue0hl7m,away,8spwr9hcck0aicsxb2f71pqr4,no,1196,433,4231,1,0,home,98,3
35s871z8rhmzupgr40su48u1g,2020-11-16Z,00:00:00Z,18,2020-11-23T18:15:28Z,Universidad Católica vs Cobresal,7gkwmrw0cjz0m168ouw00z4gy,home,eizgmllil1zrzpk6zbue0hl7m,away,emsrfv9ufm0g1hgs7a6msgpar,no,0,433,4231,2,1,home,96,48
9o493mo2l8s2gxuqtkduwpv8q,2020-02-24Z,23:30:00Z,5,2020-11-22T12:43:15Z,O'Higgins vs Unión Española,8rpjhpm2j1q7p40zfmlqpj8am,home,1iy5a1mzucfenathcnlhmp95a,away,4aqkwzehjs713dlt83m7nffwz,no,3846,4231,433,1,3,away,95,20
e3ew48s2n2ww8nudmdml1rwiy,2020-09-13Z,14:00:00Z,11,2020-11-12T13:52:11Z,Santiago Wanderers vs Huachipato,1zsb1ovzidi8rft1vzw4me71m,home,cpqaizhc99tbsqm6h2cgampio,away,9hmvfd1wqmdit65c9ntxdhf1f,no,0,433,532,3,2,home,99,22
24fzxu33rwgqix85uex8t6iy2,2020-10-15Z,16:30:00Z,15,2020-11-12T13:52:12Z,Santiago Wanderers vs Unión La Calera,1zsb1ovzidi8rft1vzw4me71m,home,hfu6x1260h62zj7xl6cn95hx,away,9hmvfd1wqmdit65c9ntxdhf1f,no,0,41212,352,0,3,away,95,53
357wqv3701a2eyxu8may6xk6i,2020-02-01Z,15:00:00Z,2,2020-11-17T10:48:34Z,Universidad Concepción vs Santiago Wanderers,4y5xl8r1nkg1n9hnjzo53v8xk,home,1zsb1ovzidi8rft1vzw4me71m,away,c8jak571286lu98uk2345pmfr,no,1206,442,352,0,2,away,98,49
35pyyyy6avswfe0hr2d22584q,2020-02-02Z,15:00:00Z,2,2020-11-23T18:15:27Z,Cobresal vs Colo Colo,eizgmllil1zrzpk6zbue0hl7m,home,ehsvy9m92bp6ktgoy6pwv8rdm,away,3n97dyxjyuzaqh3nvs1poz8ni,no,1192,4231,4231,2,1,home,97,37
e2zam7sz5vcc1i3oj32383uqy,2020-09-13Z,21:30:00Z,11,2020-11-23T14:09:36Z,O'Higgins vs Everton,8rpjhpm2j1q7p40zfmlqpj8am,home,9dqkgu00tn42928lrrxlis95a,away,4aqkwzehjs713dlt83m7nffwz,no,0,4231,41212,1,2,away,96,8
2lod9gseocpm2csgzhjpfrxn8,2020-11-19Z,00:30:00Z,19,2020-11-22T13:12:36Z,Coquimbo Unido vs Universidad Católica,bw2py3aiws1rq61pokete3kv2,home,7gkwmrw0cjz0m168ouw00z4gy,away,87zbk2w1ksko6ak4vungb5q6o,no,0,343,433,2,1,home,99,44
24691gfjwxnynsdgm0ajk5w8a,2020-10-03Z,14:00:00Z,13,2020-11-22T12:43:15Z,La Serena vs Unión Española,2nxp7ufclxwbtaozvx5zj1zym,home,1iy5a1mzucfenathcnlhmp95a,away,ek5cx3x39m8ul1uxpn5j2q3aq,no,0,442,433,0,2,away,98,11
e8ikyn9qvtwprhmq4w8mcohgq,2020-03-10Z,23:30:00Z,7,2020-11-03T03:09:37Z,Huachipato vs Audax Italiano,cpqaizhc99tbsqm6h2cgampio,home,59d4d2m78t2lqabd1m7o90std,away,8spwr9hcck0aicsxb2f71pqr4,no,1845,41212,433,2,1,home,122,3
8gj2g3tf58vnofhpijtdg5d78,2020-10-21Z,21:30:00Z,16,2020-11-23T18:15:28Z,Unión Española vs Cobresal,1iy5a1mzucfenathcnlhmp95a,home,eizgmllil1zrzpk6zbue0hl7m,away,5rm4rbdvhmluflf5mbqk0ryz5,no,0,433,433,1,0,home,99,18
19as5aflla0mxebhrhgwlewru,2020-01-28Z,23:30:00Z,1,2020-11-14T13:28:30Z,Colo Colo vs Palestino,ehsvy9m92bp6ktgoy6pwv8rdm,home,8puc16dm0ut6bvv6u6ivpe2ch,away,5q79s10letp5fp21vuyq61mjg,no,29881,4231,4231,3,0,home,95,5
e8u3rr2m5f99yd8ipigwashnu,2020-08-29Z,22:30:00Z,7,2020-11-22T13:12:35Z,Universidad Católica vs Unión Española,7gkwmrw0cjz0m168ouw00z4gy,home,1iy5a1mzucfenathcnlhmp95a,away,emsrfv9ufm0g1hgs7a6msgpar,no,0,4141,433,0,1,away,97,17
6193r3nx4zpflk0k493zetnh0,2020-12-04Z,20:00:00Z,21,2020-12-04T22:09:44Z,La Serena vs Deportes Iquique,2nxp7ufclxwbtaozvx5zj1zym,home,4wb893al733feakm9teqqqnlg,away,ek5cx3x39m8ul1uxpn5j2q3aq,no,0,4231,433,1,0,home,97,19
35dbqror24rncs5jsmsrw19ii,2020-02-01Z,20:30:00Z,2,2020-11-14T13:28:29Z,Palestino vs Huachipato,8puc16dm0ut6bvv6u6ivpe2ch,home,cpqaizhc99tbsqm6h2cgampio,away,500gy1njdz7bqammucb5jnru3,no,907,4231,4231,1,0,home,98,7
9q2kjf87buyy2jcqhpm1e23xm,2020-03-02Z,23:30:00Z,6,2020-11-23T17:44:23Z,Curicó Unido vs Huachipato,bd1veyn5g4r8zbaquf8b8pksp,home,cpqaizhc99tbsqm6h2cgampio,away,c0v9hraes3113gb4bhmdc8cc7,no,4745,4231,4231,1,0,home,100,25
60xsjzadmkabw8h8cn1cd2y38,2020-12-05Z,20:00:00Z,21,2020-12-05T21:55:25Z,Huachipato vs Colo Colo,cpqaizhc99tbsqm6h2cgampio,home,ehsvy9m92bp6ktgoy6pwv8rdm,away,8spwr9hcck0aicsxb2f71pqr4,no,0,4231,433,2,2,draw,96,12
e8pq3z0oo127rh7brzqtm2i5m,2020-03-07Z,20:30:00Z,7,2020-11-23T17:44:23Z,Deportivo Antofagasta vs Curicó Unido,1f72vqlndphmzn45x0nhdqk3e,home,bd1veyn5g4r8zbaquf8b8pksp,away,3tq7ow42ae3jqxxidbhl0nmck,no,2760,4141,4231,0,0,draw,97,1
24cy4hy04ahy82frkcusfpqp6,2020-10-14Z,14:00:00Z,15,2020-11-14T13:28:30Z,La Serena vs Palestino,2nxp7ufclxwbtaozvx5zj1zym,home,8puc16dm0ut6bvv6u6ivpe2ch,away,ek5cx3x39m8ul1uxpn5j2q3aq,no,0,433,442,4,2,home,97,9
8hr5ok4batskzdvznvm0c8kk4,2020-11-01Z,19:00:00Z,17,2020-11-22T12:43:16Z,Coquimbo Unido vs Unión Española,bw2py3aiws1rq61pokete3kv2,home,1iy5a1mzucfenathcnlhmp95a,away,87zbk2w1ksko6ak4vungb5q6o,no,0,352,433,1,1,draw,100,54
e9kndb1sooxtzw0qm0s2cl27e,2020-08-30Z,14:30:00Z,8,2020-11-13T21:02:29Z,O'Higgins vs Deportivo Antofagasta,8rpjhpm2j1q7p40zfmlqpj8am,home,1f72vqlndphmzn45x0nhdqk3e,away,4aqkwzehjs713dlt83m7nffwz,no,0,4231,433,0,1,away,100,28
9plife5g642pjqc0z00otp84q,2020-03-01Z,23:30:00Z,6,2020-11-14T13:28:30Z,Palestino vs Deportivo Antofagasta,8puc16dm0ut6bvv6u6ivpe2ch,home,1f72vqlndphmzn45x0nhdqk3e,away,8nayliomd2w5tfjjb4vlabzla,no,674,41212,4141,2,2,draw,95,2
60dttf1nc5hs8k817t02716hg,2020-11-23Z,22:15:00Z,20,2020-11-24T00:09:03Z,Universidad Concepción vs Huachipato,4y5xl8r1nkg1n9hnjzo53v8xk,home,cpqaizhc99tbsqm6h2cgampio,away,c8jak571286lu98uk2345pmfr,no,0,4231,4231,0,1,away,95,55
e438sb0278uym251id1by15yi,2020-09-24Z,16:30:00Z,12,2020-11-24T13:07:49Z,Universidad Concepción vs O'Higgins,4y5xl8r1nkg1n9hnjzo53v8xk,home,8rpjhpm2j1q7p40zfmlqpj8am,away,c8jak571286lu98uk2345pmfr,no,0,433,4141,1,4,away,95,1
e4i6zutpz5eyuxgoa9tyegqy2,2020-09-24Z,19:00:00Z,12,2020-11-23T18:15:27Z,Cobresal vs Palestino,eizgmllil1zrzpk6zbue0hl7m,home,8puc16dm0ut6bvv6u6ivpe2ch,away,3n97dyxjyuzaqh3nvs1poz8ni,no,0,4231,433,2,1,home,96,21
71onszzpvq0xpag6fm1pp1sa2,2020-09-08Z,14:00:00Z,10,2020-11-24T13:07:48Z,Universidad Concepción vs Unión La Calera,4y5xl8r1nkg1n9hnjzo53v8xk,home,hfu6x1260h62zj7xl6cn95hx,away,c8jak571286lu98uk2345pmfr,no,0,442,433,2,1,home,99,31
6yruifsfsg9l59g2gorbdt0tm,2020-02-16Z,21:00:00Z,4,2020-11-22T13:12:36Z,Colo Colo vs Universidad Católica,ehsvy9m92bp6ktgoy6pwv8rdm,home,7gkwmrw0cjz0m168ouw00z4gy,away,5q79s10letp5fp21vuyq61mjg,no,15000,4231,433,0,2,away,86,42
70zpvcukhzn1s891qmo6gneqy,2020-09-04Z,22:30:00Z,9,2020-11-13T21:02:29Z,La Serena vs O'Higgins,2nxp7ufclxwbtaozvx5zj1zym,home,8rpjhpm2j1q7p40zfmlqpj8am,away,ek5cx3x39m8ul1uxpn5j2q3aq,no,0,3412,4231,1,1,draw,96,23
71ria8e7shav0bri3ud4r3td6,2020-09-08Z,21:30:00Z,10,2020-11-22T12:43:16Z,Unión Española vs Santiago Wanderers,1iy5a1mzucfenathcnlhmp95a,home,1zsb1ovzidi8rft1vzw4me71m,away,5rm4rbdvhmluflf5mbqk0ryz5,no,0,433,442,2,1,home,98,26
60vjfhyjbm2fxu3k77h72cy6s,2020-12-06Z,13:30:00Z,21,2020-12-06T18:16:37Z,Santiago Wanderers vs Coquimbo Unido,1zsb1ovzidi8rft1vzw4me71m,home,bw2py3aiws1rq61pokete3kv2,away,9hmvfd1wqmdit65c9ntxdhf1f,no,0,343,4231,1,1,draw,97,39
191g99vlhfed82gq6lput4mzu,2020-01-26Z,15:00:00Z,1,2020-11-22T13:12:36Z,Santiago Wanderers vs Universidad Católica,1zsb1ovzidi8rft1vzw4me71m,home,7gkwmrw0cjz0m168ouw00z4gy,away,9hmvfd1wqmdit65c9ntxdhf1f,no,12097,352,4231,0,3,away,102,14
6xmgw01uptguhezw7cseso7ze,2020-02-08Z,00:00:00Z,3,2020-11-23T18:15:27Z,La Serena vs Cobresal,2nxp7ufclxwbtaozvx5zj1zym,home,eizgmllil1zrzpk6zbue0hl7m,away,ek5cx3x39m8ul1uxpn5j2q3aq,no,4703,352,4231,1,2,away,98,58
8gougvfculokyk59aynx7pp1w,2020-10-21Z,14:00:00Z,16,2020-11-12T13:52:12Z,Santiago Wanderers vs Deportivo Antofagasta,1zsb1ovzidi8rft1vzw4me71m,home,1f72vqlndphmzn45x0nhdqk3e,away,9hmvfd1wqmdit65c9ntxdhf1f,no,0,4231,433,2,1,home,95,40
2leucnteakkm2gso826ri8tn8,2020-11-20Z,00:00:00Z,19,2020-11-22T12:43:16Z,Santiago Wanderers vs Unión Española,1zsb1ovzidi8rft1vzw4me71m,home,1iy5a1mzucfenathcnlhmp95a,away,9hmvfd1wqmdit65c9ntxdhf1f,no,0,343,433,1,0,home,97,10
8hi0aoalf2dotlgz0ir3hfevo,2020-10-29Z,16:30:00Z,17,2020-11-23T18:15:28Z,Cobresal vs Santiago Wanderers,eizgmllil1zrzpk6zbue0hl7m,home,1zsb1ovzidi8rft1vzw4me71m,away,3n97dyxjyuzaqh3nvs1poz8ni,no,0,433,442,1,0,home,98,42
2lcgr0c1fucvo1fsfo9bdqo7o,2020-11-19Z,21:30:00Z,19,2020-11-19T23:40:46Z,Colo Colo vs Audax Italiano,ehsvy9m92bp6ktgoy6pwv8rdm,home,59d4d2m78t2lqabd1m7o90std,away,5q79s10letp5fp21vuyq61mjg,no,0,433,433,1,0,home,98,6
713kacspm6bok296s673dg7e2,2020-09-03Z,17:30:00Z,9,2020-11-23T14:09:36Z,Palestino vs Everton,8puc16dm0ut6bvv6u6ivpe2ch,home,9dqkgu00tn42928lrrxlis95a,away,500gy1njdz7bqammucb5jnru3,no,0,433,433,1,0,home,98,5
e80gzl00z62u0g1cxlfftvnmy,2020-03-09Z,21:30:00Z,7,2020-11-07T13:52:14Z,Unión La Calera vs Coquimbo Unido,hfu6x1260h62zj7xl6cn95hx,home,bw2py3aiws1rq61pokete3kv2,away,1i2uslf0wsygp1h6uteshqcxj,no,2984,3412,433,2,0,home,98,11
24zgio444f28v15f308tgu3qi,2020-10-14Z,21:30:00Z,15,2020-11-22T12:43:15Z,Colo Colo vs Unión Española,ehsvy9m92bp6ktgoy6pwv8rdm,home,1iy5a1mzucfenathcnlhmp95a,away,5q79s10letp5fp21vuyq61mjg,no,0,433,433,3,5,away,97,29
be7bomktaffjsfnx8wxhaocbu,2020-10-03Z,19:00:00Z,13,2020-11-23T17:44:23Z,Curicó Unido vs Everton,bd1veyn5g4r8zbaquf8b8pksp,home,9dqkgu00tn42928lrrxlis95a,away,c0v9hraes3113gb4bhmdc8cc7,no,0,433,41212,1,3,away,97,12
2m5ademy26rgmkcxhh6zo6iac,2020-12-09Z,13:30:00Z,22,2020-12-14T11:50:32Z,Palestino vs Unión La Calera,8puc16dm0ut6bvv6u6ivpe2ch,home,hfu6x1260h62zj7xl6cn95hx,away,500gy1njdz7bqammucb5jnru3,no,0,4231,3412,3,1,home,96,40
35wrvtp5973jaejc7ucm0n2tw,2020-11-14Z,14:00:00Z,18,2020-11-19T21:39:55Z,Palestino vs Colo Colo,8puc16dm0ut6bvv6u6ivpe2ch,home,ehsvy9m92bp6ktgoy6pwv8rdm,away,500gy1njdz7bqammucb5jnru3,no,0,4231,433,3,1,home,99,4
8he9208occ04jkv0mtnu56mtw,2020-11-08Z,19:00:00Z,16,2020-11-22T13:12:36Z,Palestino vs Universidad Católica,8puc16dm0ut6bvv6u6ivpe2ch,home,7gkwmrw0cjz0m168ouw00z4gy,away,500gy1njdz7bqammucb5jnru3,no,0,4312,4231,1,4,away,97,9
6129l2l3lp5g2ibgvssvmmxp0,2020-12-06Z,22:30:00Z,21,2020-12-07T00:53:24Z,Unión La Calera vs Everton,hfu6x1260h62zj7xl6cn95hx,home,9dqkgu00tn42928lrrxlis95a,away,1i2uslf0wsygp1h6uteshqcxj,no,0,3412,41212,6,2,home,97,42
72fku32hn7i5mrsdqhnt2cpka,2020-09-09Z,19:00:00Z,10,2020-11-13T21:02:30Z,Colo Colo vs O'Higgins,ehsvy9m92bp6ktgoy6pwv8rdm,home,8rpjhpm2j1q7p40zfmlqpj8am,away,5q79s10letp5fp21vuyq61mjg,no,0,4231,4231,0,1,away,95,27
24a1ng586qeaocxjvqkd6hv8q,2020-10-14Z,16:30:00Z,15,2020-11-23T18:15:28Z,Cobresal vs Coquimbo Unido,eizgmllil1zrzpk6zbue0hl7m,home,bw2py3aiws1rq61pokete3kv2,away,3n97dyxjyuzaqh3nvs1poz8ni,no,0,433,343,0,1,away,95,2
35ytcd6tzse20mke2oak8zjmc,2020-11-15Z,00:00:00Z,18,2020-11-15T01:54:36Z,Audax Italiano vs Coquimbo Unido,59d4d2m78t2lqabd1m7o90std,home,bw2py3aiws1rq61pokete3kv2,away,1wlwlq1c9rptcuwb8dqp1vppe,no,0,433,343,2,0,home,96,31
360n23cxpuafl0830v2vyhs0k,2020-11-15Z,21:30:00Z,18,2020-11-22T21:38:45Z,Universidad de Chile vs Santiago Wanderers,cdj7tqbsake4a0ks5pwm23t23,home,1zsb1ovzidi8rft1vzw4me71m,away,7ijsj6wfhan1bkyrwqipk7fh,no,0,4312,442,3,0,home,99,0
e329przpun8rxaesuubk3f0bu,2020-09-15Z,14:00:00Z,11,2020-11-24T13:07:49Z,La Serena vs Universidad Concepción,2nxp7ufclxwbtaozvx5zj1zym,home,4y5xl8r1nkg1n9hnjzo53v8xk,away,ek5cx3x39m8ul1uxpn5j2q3aq,no,0,3412,433,0,1,away,95,46
71dbke1yzqhkhru9gqno46nvu,2020-09-06Z,14:00:00Z,9,2020-11-03T03:09:34Z,Deportivo Antofagasta vs Audax Italiano,1f72vqlndphmzn45x0nhdqk3e,home,59d4d2m78t2lqabd1m7o90std,away,3tq7ow42ae3jqxxidbhl0nmck,no,0,442,433,2,2,draw,98,1
6y20tzelpyuu805clkfjmdisq,2020-02-09Z,21:00:00Z,3,2020-11-03T23:12:28Z,Audax Italiano vs Colo Colo,59d4d2m78t2lqabd1m7o90std,home,ehsvy9m92bp6ktgoy6pwv8rdm,away,7ijsj6wfhan1bkyrwqipk7fh,no,1525,433,433,2,1,home,96,37
ber86pow1qdsaofbk7zf7udey,2020-10-02Z,19:00:00Z,13,2020-11-13T21:02:30Z,O'Higgins vs Coquimbo Unido,8rpjhpm2j1q7p40zfmlqpj8am,home,bw2py3aiws1rq61pokete3kv2,away,4aqkwzehjs713dlt83m7nffwz,no,0,4141,4231,1,4,away,101,8
e4ll389nfnezsaiz6vxcrfkve,2020-09-25Z,19:00:00Z,12,2020-11-12T13:52:11Z,Coquimbo Unido vs Santiago Wanderers,bw2py3aiws1rq61pokete3kv2,home,1zsb1ovzidi8rft1vzw4me71m,away,87zbk2w1ksko6ak4vungb5q6o,no,0,541,433,2,1,home,95,21
8ht4g5bca6ua7kj63hsdw0g7o,2020-10-29Z,19:00:00Z,17,2020-11-24T13:07:49Z,Universidad Concepción vs Universidad de Chile,4y5xl8r1nkg1n9hnjzo53v8xk,home,cdj7tqbsake4a0ks5pwm23t23,away,c8jak571286lu98uk2345pmfr,no,0,442,4312,1,0,home,97,58
60kb3svmq1e6q9wcus6lorvv8,2020-11-24Z,00:30:00Z,20,2020-11-25T01:45:30Z,Unión Española vs O'Higgins,1iy5a1mzucfenathcnlhmp95a,home,8rpjhpm2j1q7p40zfmlqpj8am,away,5rm4rbdvhmluflf5mbqk0ryz5,no,0,433,4411,0,2,away,99,34
bentjeoraqf0doi7k16xldhey,2020-10-04Z,17:00:00Z,13,2020-11-22T13:12:36Z,Universidad Católica vs Universidad de Chile,7gkwmrw0cjz0m168ouw00z4gy,home,cdj7tqbsake4a0ks5pwm23t23,away,emsrfv9ufm0g1hgs7a6msgpar,no,0,433,4312,3,0,home,97,45
e3luy7935wws1ieh9ufu1y44q,2020-09-13Z,19:00:00Z,11,2020-11-22T13:12:36Z,Universidad Católica vs Audax Italiano,7gkwmrw0cjz0m168ouw00z4gy,home,59d4d2m78t2lqabd1m7o90std,away,emsrfv9ufm0g1hgs7a6msgpar,no,0,4141,4231,3,0,home,94,3
9oye8nfasqzjn0rhbkb0lm0ru,2020-02-21Z,15:00:00Z,5,2020-11-17T10:48:34Z,Deportivo Antofagasta vs Universidad Concepción,1f72vqlndphmzn45x0nhdqk3e,home,4y5xl8r1nkg1n9hnjzo53v8xk,away,3tq7ow42ae3jqxxidbhl0nmck,no,1892,4141,352,1,1,draw,103,42
9pz6fw8k6dahow8rddtrro7e2,2020-03-01Z,21:00:00Z,6,2020-11-13T21:02:30Z,O'Higgins vs Universidad de Chile,8rpjhpm2j1q7p40zfmlqpj8am,home,cdj7tqbsake4a0ks5pwm23t23,away,4aqkwzehjs713dlt83m7nffwz,no,4496,4231,4312,2,3,away,97,35
24m4r720dnd7dxo9r7ep138fe,2020-10-15Z,21:30:00Z,15,2020-11-13T21:02:30Z,Audax Italiano vs O'Higgins,59d4d2m78t2lqabd1m7o90std,home,8rpjhpm2j1q7p40zfmlqpj8am,away,1wlwlq1c9rptcuwb8dqp1vppe,no,0,352,4231,2,1,home,96,59
9q5w4ab1jy7mwga65wmmnrl2i,2020-02-28Z,21:30:00Z,6,2020-11-22T13:12:36Z,Unión La Calera vs Universidad Católica,hfu6x1260h62zj7xl6cn95hx,home,7gkwmrw0cjz0m168ouw00z4gy,away,1i2uslf0wsygp1h6uteshqcxj,no,3548,3412,433,1,1,draw,97,23
9p2f4vghjym3sljohurvpjdyi,2020-02-23Z,15:00:00Z,5,2020-11-12T13:52:12Z,La Serena vs Santiago Wanderers,2nxp7ufclxwbtaozvx5zj1zym,home,1zsb1ovzidi8rft1vzw4me71m,away,ek5cx3x39m8ul1uxpn5j2q3aq,no,4677,352,343,3,0,home,98,4
8hpebl4rdv4a4hs8k6raj0bo4,2020-10-31Z,21:30:00Z,17,2020-11-23T14:09:36Z,Audax Italiano vs Everton,59d4d2m78t2lqabd1m7o90std,home,9dqkgu00tn42928lrrxlis95a,away,1wlwlq1c9rptcuwb8dqp1vppe,no,0,352,4231,1,2,away,98,18
6yxh7apnh9sqsbe613znwm5pm,2020-02-17Z,22:30:00Z,4,2020-11-22T12:43:16Z,Unión Española vs Audax Italiano,1iy5a1mzucfenathcnlhmp95a,home,59d4d2m78t2lqabd1m7o90std,away,5rm4rbdvhmluflf5mbqk0ryz5,no,2965,433,433,1,2,away,96,8
194ksppj2qlhefg3bw621r3ai,2020-01-26Z,21:00:00Z,1,2020-11-07T15:11:05Z,Huachipato vs Universidad de Chile,cpqaizhc99tbsqm6h2cgampio,home,cdj7tqbsake4a0ks5pwm23t23,away,8spwr9hcck0aicsxb2f71pqr4,no,4520,4231,4312,2,1,home,97,43
60fz25z85yum5lpbzzemvc0t0,2020-11-23Z,20:00:00Z,20,2020-11-23T21:59:52Z,Deportes Iquique vs Cobresal,4wb893al733feakm9teqqqnlg,home,eizgmllil1zrzpk6zbue0hl7m,away,4tw2z4pf03t59w7jqk2h479l9,no,0,433,4231,0,0,draw,98,16
60tcbl4hxj9axmisn85dfq9lg,2020-11-22Z,22:15:00Z,20,2020-11-23T00:08:58Z,Everton vs Universidad de Chile,9dqkgu00tn42928lrrxlis95a,home,cdj7tqbsake4a0ks5pwm23t23,away,47un6skvihzilcred8vzvibbp,no,0,4312,4231,1,1,draw,96,3
e8bsx8f1zwmlk9q67akszuq22,2020-03-07Z,15:00:00Z,7,2020-11-04T16:05:25Z,La Serena vs Colo Colo,2nxp7ufclxwbtaozvx5zj1zym,home,ehsvy9m92bp6ktgoy6pwv8rdm,away,ek5cx3x39m8ul1uxpn5j2q3aq,no,6527,343,4231,1,2,away,99,50
8hnm4n4vy4yhtbn5s71obufpw,2020-10-31Z,19:00:00Z,17,2020-11-23T17:44:23Z,Curicó Unido vs Palestino,bd1veyn5g4r8zbaquf8b8pksp,home,8puc16dm0ut6bvv6u6ivpe2ch,away,c0v9hraes3113gb4bhmdc8cc7,no,0,4231,442,1,0,home,98,28
723gg3nwo0crqukff3img3kh6,2020-09-09Z,21:30:00Z,10,2020-11-14T13:28:30Z,Coquimbo Unido vs Palestino,bw2py3aiws1rq61pokete3kv2,home,8puc16dm0ut6bvv6u6ivpe2ch,away,87zbk2w1ksko6ak4vungb5q6o,no,0,4231,433,1,0,home,96,7
8hg580rdscj16m2819527hlhw,2020-10-28Z,19:00:00Z,16,2020-11-23T14:09:36Z,Everton vs Colo Colo,9dqkgu00tn42928lrrxlis95a,home,ehsvy9m92bp6ktgoy6pwv8rdm,away,47un6skvihzilcred8vzvibbp,no,0,442,4231,1,1,draw,96,40
34xz3fl08dq5bzkq4swrobhpm,2020-09-01Z,16:00:00Z,2,2020-11-07T13:52:14Z,Coquimbo Unido vs Audax Italiano,bw2py3aiws1rq61pokete3kv2,home,59d4d2m78t2lqabd1m7o90std,away,87zbk2w1ksko6ak4vungb5q6o,no,0,442,442,0,0,draw,81,46
60orkxc28woat5n3bcv00i13o,2020-11-21Z,22:15:00Z,20,2020-11-22T02:58:07Z,Coquimbo Unido vs Unión La Calera,bw2py3aiws1rq61pokete3kv2,home,hfu6x1260h62zj7xl6cn95hx,away,87zbk2w1ksko6ak4vungb5q6o,no,0,3421,3421,1,2,away,97,40
bf8ysid9xcrrsxu7a6bz3z816,2020-10-08Z,14:00:00Z,14,2020-11-23T18:15:28Z,O'Higgins vs Cobresal,8rpjhpm2j1q7p40zfmlqpj8am,home,eizgmllil1zrzpk6zbue0hl7m,away,4aqkwzehjs713dlt83m7nffwz,no,0,41212,433,0,2,away,94,47
35q6ydmmyek2pccgcf5iib1g4,2020-11-14Z,19:00:00Z,18,2020-11-23T17:44:23Z,Deportes Iquique vs Curicó Unido,4wb893al733feakm9teqqqnlg,home,bd1veyn5g4r8zbaquf8b8pksp,away,4tw2z4pf03t59w7jqk2h479l9,no,0,433,442,1,2,away,98,9
e84v6l832ohamgmxob40jly0a,2020-03-10Z,21:00:00Z,7,2020-11-14T13:28:29Z,Santiago Wanderers vs Palestino,1zsb1ovzidi8rft1vzw4me71m,home,8puc16dm0ut6bvv6u6ivpe2ch,away,9hmvfd1wqmdit65c9ntxdhf1f,no,7982,3412,433,1,2,away,99,22
bfewg7qtu12klcloxrthvudey,2020-10-10Z,21:30:00Z,14,2020-11-24T13:07:49Z,Universidad Católica vs Universidad Concepción,7gkwmrw0cjz0m168ouw00z4gy,home,4y5xl8r1nkg1n9hnjzo53v8xk,away,emsrfv9ufm0g1hgs7a6msgpar,no,0,433,433,1,1,draw,98,2
8hju0vykbxq6tbfh96ve3epzo,2020-11-01Z,21:30:00Z,17,2020-11-22T13:12:36Z,Universidad Católica vs La Serena,7gkwmrw0cjz0m168ouw00z4gy,home,2nxp7ufclxwbtaozvx5zj1zym,away,emsrfv9ufm0g1hgs7a6msgpar,no,0,433,4231,3,0,home,96,59
befyzoba9cxb47e33kt4xpwmi,2020-10-01Z,16:30:00Z,13,2020-11-24T13:07:49Z,Palestino vs Universidad Concepción,8puc16dm0ut6bvv6u6ivpe2ch,home,4y5xl8r1nkg1n9hnjzo53v8xk,away,500gy1njdz7bqammucb5jnru3,no,0,442,433,0,1,away,97,55
bebrv95o10rckgmkngfszrnfu,2020-10-02Z,14:00:00Z,13,2020-11-12T13:52:12Z,Santiago Wanderers vs Deportes Iquique,1zsb1ovzidi8rft1vzw4me71m,home,4wb893al733feakm9teqqqnlg,away,9hmvfd1wqmdit65c9ntxdhf1f,no,0,442,433,3,1,home,96,29
361wxe0h46utsvq3bjrsojt62,2020-02-02Z,23:30:00Z,2,2020-11-23T14:09:36Z,Deportes Iquique vs Everton,4wb893al733feakm9teqqqnlg,home,9dqkgu00tn42928lrrxlis95a,away,4tw2z4pf03t59w7jqk2h479l9,no,6745,41212,433,2,2,draw,96,58
e3sgrodbr06om43h2d26v5f1m,2020-11-10Z,14:00:00Z,12,2020-11-19T21:39:55Z,Colo Colo vs Deportivo Antofagasta,ehsvy9m92bp6ktgoy6pwv8rdm,home,1f72vqlndphmzn45x0nhdqk3e,away,5q79s10letp5fp21vuyq61mjg,no,0,433,4231,1,0,home,99,17
2m7oo8q4v17yfd8dzdfqij47o,2020-12-08Z,21:30:00Z,22,2020-12-08T23:27:24Z,Colo Colo vs La Serena,ehsvy9m92bp6ktgoy6pwv8rdm,home,2nxp7ufclxwbtaozvx5zj1zym,away,5q79s10letp5fp21vuyq61mjg,no,0,4231,4231,0,2,away,98,30
bf5lfoe7133trc0a7bfzfcokq,2020-10-10Z,14:00:00Z,14,2020-11-03T03:09:36Z,Deportes Iquique vs Audax Italiano,4wb893al733feakm9teqqqnlg,home,59d4d2m78t2lqabd1m7o90std,away,4tw2z4pf03t59w7jqk2h479l9,no,0,433,352,2,1,home,96,13
e3b31u17ert51qspdb7xsaq22,2020-09-16Z,15:00:00Z,11,2020-11-14T13:28:29Z,Palestino vs Deportes Iquique,8puc16dm0ut6bvv6u6ivpe2ch,home,4wb893al733feakm9teqqqnlg,away,500gy1njdz7bqammucb5jnru3,no,0,433,4312,2,0,home,94,58
716t8m2ono48rvqj7v76k6yy2,2020-09-06Z,17:00:00Z,9,2020-11-07T15:11:05Z,Universidad de Chile vs Colo Colo,cdj7tqbsake4a0ks5pwm23t23,home,ehsvy9m92bp6ktgoy6pwv8rdm,away,7ijsj6wfhan1bkyrwqipk7fh,no,0,4312,4231,1,1,draw,95,30
2lxymolbua5101o7loypl90yc,2020-12-08Z,18:45:00Z,22,2020-12-08T20:40:25Z,Deportes Iquique vs Unión Española,4wb893al733feakm9teqqqnlg,home,1iy5a1mzucfenathcnlhmp95a,away,4tw2z4pf03t59w7jqk2h479l9,no,0,433,433,1,1,draw,97,27
e3660rpp9nsy7y59d3vh26nhm,2020-09-14Z,19:00:00Z,11,2020-11-23T18:15:28Z,Universidad de Chile vs Cobresal,cdj7tqbsake4a0ks5pwm23t23,home,eizgmllil1zrzpk6zbue0hl7m,away,4aqkwzehjs713dlt83m7nffwz,no,0,4312,442,2,1,home,96,26
6y7vsn2lg19h8cvs8l418snl6,2020-02-10Z,23:30:00Z,3,2020-11-23T14:09:36Z,Everton vs Coquimbo Unido,9dqkgu00tn42928lrrxlis95a,home,bw2py3aiws1rq61pokete3kv2,away,47un6skvihzilcred8vzvibbp,no,7610,433,4231,1,0,home,98,15
e3p3x1v6vj07zxwpx1y165bai,2020-09-12Z,21:30:00Z,11,2020-11-03T23:12:28Z,Unión La Calera vs Colo Colo,hfu6x1260h62zj7xl6cn95hx,home,ehsvy9m92bp6ktgoy6pwv8rdm,away,1i2uslf0wsygp1h6uteshqcxj,no,0,433,4231,0,0,draw,97,37
2meyh9rdm8wf1d4xvqz4dtzis,2020-12-09Z,21:30:00Z,22,2020-12-09T23:23:43Z,Audax Italiano vs Universidad de Chile,59d4d2m78t2lqabd1m7o90std,home,cdj7tqbsake4a0ks5pwm23t23,away,1wlwlq1c9rptcuwb8dqp1vppe,no,0,4231,4141,1,3,away,98,2
2lvm99hhqya6wc6tgycttypec,2020-12-08Z,13:30:00Z,22,2020-12-08T15:26:55Z,Cobresal vs Universidad Concepción,eizgmllil1zrzpk6zbue0hl7m,home,4y5xl8r1nkg1n9hnjzo53v8xk,away,3n97dyxjyuzaqh3nvs1poz8ni,no,0,352,4231,3,1,home,97,54
6xpky81m8uvumwk2hkbqosa5m,2020-02-08Z,15:00:00Z,3,2020-11-17T10:48:34Z,Huachipato vs Universidad Concepción,cpqaizhc99tbsqm6h2cgampio,home,4y5xl8r1nkg1n9hnjzo53v8xk,away,8spwr9hcck0aicsxb2f71pqr4,no,1714,3412,4141,1,1,draw,97,5
6ym9dsw0dj09hkaogeek8lkdm,2020-02-15Z,20:30:00Z,4,2020-11-14T13:28:30Z,Palestino vs O'Higgins,8puc16dm0ut6bvv6u6ivpe2ch,home,8rpjhpm2j1q7p40zfmlqpj8am,away,500gy1njdz7bqammucb5jnru3,no,1297,3412,4231,0,0,draw,97,14
e88gat05jrffi0pb7zedkbalm,2020-03-05Z,21:00:00Z,7,2020-11-23T14:09:36Z,Universidad de Chile vs Everton,cdj7tqbsake4a0ks5pwm23t23,home,9dqkgu00tn42928lrrxlis95a,away,7ijsj6wfhan1bkyrwqipk7fh,no,15407,4312,4231,0,0,draw,96,32
2ma0jefw6x5xg07kq1oprpbmc,2020-12-09Z,00:00:00Z,22,2020-12-09T01:57:00Z,O'Higgins vs Huachipato,8rpjhpm2j1q7p40zfmlqpj8am,home,cpqaizhc99tbsqm6h2cgampio,away,4aqkwzehjs713dlt83m7nffwz,no,0,442,4231,2,1,home,95,10
616vsh5ee017gsvcmksmhfsb8,2020-12-04Z,13:30:00Z,21,2020-12-08T18:06:13Z,Cobresal vs O'Higgins,eizgmllil1zrzpk6zbue0hl7m,home,8rpjhpm2j1q7p40zfmlqpj8am,away,3n97dyxjyuzaqh3nvs1poz8ni,no,0,4231,4411,1,1,draw,98,42
9p84t2hzs0vxene7gnpe8imi2,2020-02-29Z,15:00:00Z,6,2020-11-23T18:15:27Z,Cobresal vs Deportes Iquique,eizgmllil1zrzpk6zbue0hl7m,home,4wb893al733feakm9teqqqnlg,away,3n97dyxjyuzaqh3nvs1poz8ni,no,383,4411,4312,1,1,draw,96,11
e2txlbsq0t9shu593pr80st4a,2020-09-17Z,14:00:00Z,11,2020-11-22T12:43:16Z,Deportivo Antofagasta vs Unión Española,1f72vqlndphmzn45x0nhdqk3e,home,1iy5a1mzucfenathcnlhmp95a,away,3tq7ow42ae3jqxxidbhl0nmck,no,0,4312,433,2,0,home,96,7
3666dznk2dr3vdmzw5rnfhiei,2020-02-03Z,22:30:00Z,2,2020-11-04T16:05:25Z,La Serena vs Deportivo Antofagasta,2nxp7ufclxwbtaozvx5zj1zym,home,1f72vqlndphmzn45x0nhdqk3e,away,ek5cx3x39m8ul1uxpn5j2q3aq,no,4044,442,4231,0,1,away,96,15
2l917o2hvl1y8vh4cjz86cjys,2020-11-18Z,22:15:00Z,19,2020-11-22T21:38:45Z,Unión La Calera vs Universidad de Chile,hfu6x1260h62zj7xl6cn95hx,home,cdj7tqbsake4a0ks5pwm23t23,away,1i2uslf0wsygp1h6uteshqcxj,no,0,3421,4231,1,0,home,98,9
8gmv1qijaetr4t3ewc4e15ij8,2020-10-20Z,16:30:00Z,16,2020-11-03T03:09:35Z,Unión La Calera vs Huachipato,hfu6x1260h62zj7xl6cn95hx,home,cpqaizhc99tbsqm6h2cgampio,away,1i2uslf0wsygp1h6uteshqcxj,no,0,352,4231,3,0,home,94,24
9o9ji2f68p2wuser85d3ah9wq,2020-02-23Z,20:30:00Z,5,2020-11-07T15:11:05Z,Universidad de Chile vs Coquimbo Unido,cdj7tqbsake4a0ks5pwm23t23,home,bw2py3aiws1rq61pokete3kv2,away,7ijsj6wfhan1bkyrwqipk7fh,no,16005,4321,442,1,1,draw,97,39
e9odinto5tgtev5tv8iv4wep6,2020-03-14Z,23:00:00Z,8,2020-11-23T14:09:36Z,Everton vs La Serena,9dqkgu00tn42928lrrxlis95a,home,2nxp7ufclxwbtaozvx5zj1zym,away,47un6skvihzilcred8vzvibbp,no,7124,433,3412,0,0,draw,98,50
9pg2evs77obh70jmd5wa7lsh6,2020-03-03Z,21:00:00Z,6,2020-11-12T13:52:12Z,Santiago Wanderers vs Audax Italiano,1zsb1ovzidi8rft1vzw4me71m,home,59d4d2m78t2lqabd1m7o90std,away,9hmvfd1wqmdit65c9ntxdhf1f,no,6017,433,4231,3,3,draw,98,14
362qf7qwwf5o21gwe3hlw7k7o,2020-11-15Z,19:00:00Z,18,2020-11-17T02:34:08Z,La Serena vs Huachipato,2nxp7ufclxwbtaozvx5zj1zym,home,cpqaizhc99tbsqm6h2cgampio,away,ek5cx3x39m8ul1uxpn5j2q3aq,no,0,4231,4231,1,0,home,96,27
e8lh2bhu1yzkk1snzlr78qusq,2020-03-05Z,23:30:00Z,7,2020-11-23T18:15:27Z,Universidad Concepción vs Cobresal,4y5xl8r1nkg1n9hnjzo53v8xk,home,eizgmllil1zrzpk6zbue0hl7m,away,c8jak571286lu98uk2345pmfr,no,1032,4231,41212,2,2,draw,99,4
6xvvx278kjjdep0f9uv3jo8yy,2020-02-08Z,23:30:00Z,3,2020-11-23T17:44:23Z,Curicó Unido vs Deportes Iquique,bd1veyn5g4r8zbaquf8b8pksp,home,4wb893al733feakm9teqqqnlg,away,c0v9hraes3113gb4bhmdc8cc7,no,3033,433,4312,1,0,home,95,28
e97sbhywcohl2jbzelfi3xnxm,2020-03-15Z,23:30:00Z,8,2020-11-17T10:48:34Z,Audax Italiano vs Universidad Concepción,59d4d2m78t2lqabd1m7o90std,home,4y5xl8r1nkg1n9hnjzo53v8xk,away,1wlwlq1c9rptcuwb8dqp1vppe,no,798,532,4231,1,1,draw,99,29
2ljlhzxx4wsr3g5dzkgf14ys4,2020-11-18Z,20:00:00Z,19,2020-11-23T18:15:28Z,Cobresal vs La Serena,eizgmllil1zrzpk6zbue0hl7m,home,2nxp7ufclxwbtaozvx5zj1zym,away,3n97dyxjyuzaqh3nvs1poz8ni,no,0,4231,4231,1,2,away,99,39
e3ivkmgycpwfrl2n0p9x6f8fe,2020-09-15Z,19:00:00Z,11,2020-11-23T17:44:23Z,Curicó Unido vs Coquimbo Unido,bd1veyn5g4r8zbaquf8b8pksp,home,bw2py3aiws1rq61pokete3kv2,away,c0v9hraes3113gb4bhmdc8cc7,no,0,4231,4231,2,1,home,96,30
bfc2u5g9u73b92gdojhvmqs16,2020-10-09Z,18:30:00Z,14,2020-11-23T17:44:23Z,Unión Española vs Curicó Unido,1iy5a1mzucfenathcnlhmp95a,home,bd1veyn5g4r8zbaquf8b8pksp,away,5rm4rbdvhmluflf5mbqk0ryz5,no,0,433,4231,2,1,home,103,11
6xszsf73jq5za2sb00qx4pox6,2020-02-08Z,21:00:00Z,3,2020-11-07T15:11:06Z,Universidad de Chile vs Unión La Calera,cdj7tqbsake4a0ks5pwm23t23,home,hfu6x1260h62zj7xl6cn95hx,away,7ijsj6wfhan1bkyrwqipk7fh,no,7107,4312,433,3,0,home,98,9
70vwyqcnbt33kehjonqfsff56,2020-09-05Z,18:30:00Z,9,2020-11-22T13:12:36Z,Universidad Católica vs Coquimbo Unido,7gkwmrw0cjz0m168ouw00z4gy,home,bw2py3aiws1rq61pokete3kv2,away,emsrfv9ufm0g1hgs7a6msgpar,no,0,433,4231,4,1,home,95,0
e8xk566qpqwg52yldys0x3luy,2020-08-29Z,17:30:00Z,8,2020-11-12T13:52:11Z,Colo Colo vs Santiago Wanderers,ehsvy9m92bp6ktgoy6pwv8rdm,home,1zsb1ovzidi8rft1vzw4me71m,away,5q79s10letp5fp21vuyq61mjg,no,0,4231,442,2,3,away,96,41
e942lemd4mqsxtbxiv50i4h9m,2020-08-30Z,22:30:00Z,8,2020-11-23T17:44:23Z,Curicó Unido vs Unión La Calera,bd1veyn5g4r8zbaquf8b8pksp,home,hfu6x1260h62zj7xl6cn95hx,away,c0v9hraes3113gb4bhmdc8cc7,no,0,4231,3412,0,2,away,96,21
35ug5l2v33nvpfys0c2qkr9qs,2020-11-13Z,16:30:00Z,18,2020-11-13T18:24:43Z,Everton vs O'Higgins,9dqkgu00tn42928lrrxlis95a,home,8rpjhpm2j1q7p40zfmlqpj8am,away,47un6skvihzilcred8vzvibbp,no,0,41212,4411,0,1,away,96,27
60i5z3gp3raro8v8m64nhopw4,2020-11-25Z,00:30:00Z,20,2020-11-25T02:23:45Z,Audax Italiano vs Santiago Wanderers,59d4d2m78t2lqabd1m7o90std,home,1zsb1ovzidi8rft1vzw4me71m,away,1wlwlq1c9rptcuwb8dqp1vppe,no,0,433,4231,1,1,draw,98,5
9op4djb93ljpuxyrewfe4h2ei,2020-02-24Z,21:00:00Z,5,2020-11-23T17:44:23Z,Curicó Unido vs Colo Colo,bd1veyn5g4r8zbaquf8b8pksp,home,ehsvy9m92bp6ktgoy6pwv8rdm,away,c0v9hraes3113gb4bhmdc8cc7,no,5459,442,4231,1,0,home,96,2
61dcbsb7t5bqieovumx25xes4,2020-12-03Z,13:30:00Z,21,2020-12-12T17:47:52Z,Curicó Unido vs Audax Italiano,bd1veyn5g4r8zbaquf8b8pksp,home,59d4d2m78t2lqabd1m7o90std,away,c0v9hraes3113gb4bhmdc8cc7,no,0,433,352,4,1,home,98,36
bekwil36ammqt8qb5dymm4l7u,2020-10-04Z,19:30:00Z,13,2020-11-03T03:09:35Z,Unión La Calera vs Audax Italiano,hfu6x1260h62zj7xl6cn95hx,home,59d4d2m78t2lqabd1m7o90std,away,1i2uslf0wsygp1h6uteshqcxj,no,0,352,433,3,2,home,99,11
6yfvv7k87kyjyu96eb4rmzqei,2020-02-14Z,21:30:00Z,4,2020-11-04T16:05:25Z,Unión La Calera vs La Serena,hfu6x1260h62zj7xl6cn95hx,home,2nxp7ufclxwbtaozvx5zj1zym,away,1i2uslf0wsygp1h6uteshqcxj,no,1456,4231,352,2,1,home,95,9
61beqwnm85nrm12tf1cl7ciz8,2020-12-02Z,13:30:00Z,21,2020-12-03T15:12:25Z,Deportivo Antofagasta vs Palestino,1f72vqlndphmzn45x0nhdqk3e,home,8puc16dm0ut6bvv6u6ivpe2ch,away,3tq7ow42ae3jqxxidbhl0nmck,no,0,4231,4231,1,1,draw,97,27
719x49v94nzl698q2kqx9wiga,2020-09-05Z,22:30:00Z,9,2020-11-23T17:44:23Z,Santiago Wanderers vs Curicó Unido,1zsb1ovzidi8rft1vzw4me71m,home,bd1veyn5g4r8zbaquf8b8pksp,away,9hmvfd1wqmdit65c9ntxdhf1f,no,0,442,4231,2,0,home,96,28
bez251din9r8qm5uk5h72eru2,2020-10-10Z,16:30:00Z,14,2020-11-03T03:09:37Z,Huachipato vs Deportivo Antofagasta,cpqaizhc99tbsqm6h2cgampio,home,1f72vqlndphmzn45x0nhdqk3e,away,8spwr9hcck0aicsxb2f71pqr4,no,0,4231,433,0,0,draw,94,1
bfl2rbjqjw6l600unlzyqjo16,2020-10-09Z,21:00:00Z,14,2020-11-19T21:39:55Z,Coquimbo Unido vs Colo Colo,bw2py3aiws1rq61pokete3kv2,home,ehsvy9m92bp6ktgoy6pwv8rdm,away,87zbk2w1ksko6ak4vungb5q6o,no,0,343,4231,2,2,draw,101,56
be387kr5cz9i8libgnyfw5kdm,2020-10-03Z,21:30:00Z,13,2020-11-03T23:12:28Z,Colo Colo vs Huachipato,ehsvy9m92bp6ktgoy6pwv8rdm,home,cpqaizhc99tbsqm6h2cgampio,away,5q79s10letp5fp21vuyq61mjg,no,0,4231,4231,0,1,away,98,17
197v28lujrhutjesetsclnfca,2020-01-26Z,23:30:00Z,1,2020-11-22T12:43:16Z,Unión Española vs Deportes Iquique,1iy5a1mzucfenathcnlhmp95a,home,4wb893al733feakm9teqqqnlg,away,5rm4rbdvhmluflf5mbqk0ryz5,no,3057,433,433,3,2,home,102,38
8hv0maqpub8hr05p84rgdklck,2020-10-31Z,16:30:00Z,17,2020-11-03T03:09:38Z,Huachipato vs O'Higgins,cpqaizhc99tbsqm6h2cgampio,home,8rpjhpm2j1q7p40zfmlqpj8am,away,8spwr9hcck0aicsxb2f71pqr4,no,0,4231,433,2,0,home,95,55
6y4yw6xt5aibhzt7g9vgdtfu2,2020-02-09Z,23:30:00Z,3,2020-11-22T12:43:15Z,Unión Española vs Palestino,1iy5a1mzucfenathcnlhmp95a,home,8puc16dm0ut6bvv6u6ivpe2ch,away,5rm4rbdvhmluflf5mbqk0ryz5,no,2470,433,41212,1,1,draw,96,0
173c8rtrj88eptu65jks9bhg4,2020-12-13Z,20:00:00Z,23,2020-12-13T21:53:52Z,La Serena vs Coquimbo Unido,2nxp7ufclxwbtaozvx5zj1zym,home,bw2py3aiws1rq61pokete3kv2,away,ek5cx3x39m8ul1uxpn5j2q3aq,no,0,4231,343,1,0,home,97,31
2m2tkp88wqo6lxp39cw9wgowk,2020-12-11Z,00:30:00Z,22,2020-12-11T02:24:44Z,Everton vs Curicó Unido,9dqkgu00tn42928lrrxlis95a,home,bd1veyn5g4r8zbaquf8b8pksp,away,47un6skvihzilcred8vzvibbp,no,0,41212,4312,3,1,home,99,6
71ghet1v7h8riqtzbcjd1afl6,2020-09-04Z,15:00:00Z,9,2020-11-23T18:15:27Z,Unión La Calera vs Cobresal,hfu6x1260h62zj7xl6cn95hx,home,eizgmllil1zrzpk6zbue0hl7m,away,1i2uslf0wsygp1h6uteshqcxj,no,0,433,4231,2,2,draw,98,9
35ijq76er8p2f7v0rd4s8s8kq,2020-02-01Z,20:30:00Z,2,2020-11-23T17:44:23Z,Universidad de Chile vs Curicó Unido,cdj7tqbsake4a0ks5pwm23t23,home,bd1veyn5g4r8zbaquf8b8pksp,away,7ijsj6wfhan1bkyrwqipk7fh,no,11209,4312,433,5,1,home,95,0
2lh9d2t2bxocxldsaf3ns3i1g,2020-11-19Z,19:15:00Z,19,2020-11-19T21:14:32Z,Huachipato vs Deportes Iquique,cpqaizhc99tbsqm6h2cgampio,home,4wb893al733feakm9teqqqnlg,away,8spwr9hcck0aicsxb2f71pqr4,no,0,4231,433,1,1,draw,103,35
9pqn0xp8a8ubg1twm305ibnmy,2020-02-29Z,21:00:00Z,6,2020-11-17T10:48:34Z,Colo Colo vs Universidad Concepción,ehsvy9m92bp6ktgoy6pwv8rdm,home,4y5xl8r1nkg1n9hnjzo53v8xk,away,5q79s10letp5fp21vuyq61mjg,no,6952,4231,352,2,2,draw,98,22
18sc8umawu7jp8f65hjcnnuqy,2020-01-25Z,00:00:00Z,1,2020-11-13T21:02:29Z,O'Higgins vs Unión La Calera,8rpjhpm2j1q7p40zfmlqpj8am,home,hfu6x1260h62zj7xl6cn95hx,away,4aqkwzehjs713dlt83m7nffwz,no,3448,4231,4231,1,2,away,101,35
727zsfy4o39x7kqkmmp4o2lpm,2020-09-10Z,14:00:00Z,10,2020-11-03T03:09:35Z,Audax Italiano vs La Serena,59d4d2m78t2lqabd1m7o90std,home,2nxp7ufclxwbtaozvx5zj1zym,away,1wlwlq1c9rptcuwb8dqp1vppe,no,0,4231,3142,2,1,home,95,56
72cjc9ptw5tb538qjy0fmylbe,2020-09-09Z,14:00:00Z,10,2020-11-22T13:12:36Z,Huachipato vs Universidad Católica,cpqaizhc99tbsqm6h2cgampio,home,7gkwmrw0cjz0m168ouw00z4gy,away,8spwr9hcck0aicsxb2f71pqr4,no,0,4231,433,1,3,away,96,56
e9etk1zchj8zhlgnbaefvcrqi,2020-03-15Z,15:00:00Z,8,2020-11-07T13:52:14Z,Coquimbo Unido vs Deportes Iquique,bw2py3aiws1rq61pokete3kv2,home,4wb893al733feakm9teqqqnlg,away,87zbk2w1ksko6ak4vungb5q6o,no,3774,442,4312,0,3,away,95,17
8hx5l7hccjkosotqxz7tfan10,2020-10-31Z,14:00:00Z,17,2020-11-19T21:39:55Z,Colo Colo vs Deportes Iquique,ehsvy9m92bp6ktgoy6pwv8rdm,home,4wb893al733feakm9teqqqnlg,away,5q79s10letp5fp21vuyq61mjg,no,0,4231,433,0,2,away,98,24
35l51noj0croxackk6i4d1zbo,2020-11-15Z,14:00:00Z,18,2020-11-24T13:07:49Z,Universidad Concepción vs Deportivo Antofagasta,4y5xl8r1nkg1n9hnjzo53v8xk,home,1f72vqlndphmzn45x0nhdqk3e,away,c8jak571286lu98uk2345pmfr,no,0,442,4231,2,0,home,101,21
24po3gskaeax4azyjk30r3dka,2020-10-14Z,19:00:00Z,15,2020-11-23T14:09:36Z,Huachipato vs Everton,cpqaizhc99tbsqm6h2cgampio,home,9dqkgu00tn42928lrrxlis95a,away,8spwr9hcck0aicsxb2f71pqr4,no,0,442,4312,1,0,home,96,11
e4et52zcrcefo2askg3hao60a,2020-09-24Z,14:00:00Z,12,2020-11-03T03:09:36Z,Deportes Iquique vs Unión La Calera,4wb893al733feakm9teqqqnlg,home,hfu6x1260h62zj7xl6cn95hx,away,4tw2z4pf03t59w7jqk2h479l9,no,0,352,352,0,3,away,93,48
37vm91kjjjdhjsohmnxjuj9t6,2020-01-28Z,21:00:00Z,1,2020-11-23T17:44:23Z,Curicó Unido vs La Serena,bd1veyn5g4r8zbaquf8b8pksp,home,2nxp7ufclxwbtaozvx5zj1zym,away,c0v9hraes3113gb4bhmdc8cc7,no,3136,433,3412,1,0,home,101,56
8hc9gmng605wwixfjsn4v60b8,2020-10-21Z,19:00:00Z,16,2020-11-07T15:11:06Z,Universidad de Chile vs Audax Italiano,cdj7tqbsake4a0ks5pwm23t23,home,59d4d2m78t2lqabd1m7o90std,away,4aqkwzehjs713dlt83m7nffwz,no,0,41212,3421,2,2,draw,99,54
24w5grlqt6w262h5xf9dnoj8q,2020-10-15Z,19:00:00Z,15,2020-11-07T15:11:06Z,Deportivo Antofagasta vs Universidad de Chile,1f72vqlndphmzn45x0nhdqk3e,home,cdj7tqbsake4a0ks5pwm23t23,away,3tq7ow42ae3jqxxidbhl0nmck,no,0,433,4231,1,0,home,98,49
18v4yo6lnrquffm7nk3fjxgtm,2020-01-25Z,15:00:00Z,1,2020-11-07T13:52:14Z,Deportivo Antofagasta vs Coquimbo Unido,1f72vqlndphmzn45x0nhdqk3e,home,bw2py3aiws1rq61pokete3kv2,away,3tq7ow42ae3jqxxidbhl0nmck,no,2432,4231,433,2,1,home,98,21
bfibgdc0gwe27rs4cjlh0lxt6,2020-10-11Z,21:30:00Z,14,2020-11-07T15:11:05Z,Universidad de Chile vs La Serena,cdj7tqbsake4a0ks5pwm23t23,home,2nxp7ufclxwbtaozvx5zj1zym,away,7ijsj6wfhan1bkyrwqipk7fh,no,0,442,4231,3,0,home,95,23
60aloysx2iauzhnfx11bkp1xw,2020-11-22Z,13:30:00Z,20,2020-11-22T15:25:39Z,Palestino vs La Serena,8puc16dm0ut6bvv6u6ivpe2ch,home,2nxp7ufclxwbtaozvx5zj1zym,away,500gy1njdz7bqammucb5jnru3,no,0,4231,4231,1,3,away,95,51
