,matchId,refereeId,type,firstName,lastName
0,16ziqpcwrfxykpgdo1cz3oj6c,cu7ci03zhoqbkksx3teze4z4l,Main,Christian,Rojas Concha
1,e9hmyaml8l8lvehcm4vtgffxm,146euhkvq02nt3e2xmjj2xec5,Main,Felipe,González
2,35uxmvta1p7xfwsj4de7w16cq,7q8sht2dkjxotgv6aycdquuol,Main,Julio,Bascuñán González
3,2llzoi9rg31t76n45t85znlzo,8k4mjxysjcwppmkgf3w3yyfsa,Main,Rodrigo,Carvajal
4,e4bpquhss9f0eh4i91qjpdroq,93efhfwd2ourijcp2mz0rcoa1,Main,Juan,Lara
5,e483wx49hik12tglkjcj3z4ve,x2upnj63oeg29xy6grnht6tx,Main,José,Cabero
6,6yulwht5v41j7ks1pd8jgc296,3sjku2bkvf3ucincqqrdfb5qt,Main,Cesar,Deischler Keller
7,9ojvxqa64pgu8jjuloey2ymwa,cu7ci03zhoqbkksx3teze4z4l,Main,Christian,Rojas Concha
8,18ygbx2z2q3pesbr1ljpxiru2,93efhfwd2ourijcp2mz0rcoa1,Main,Juan,Lara
9,8gqoke3u7ctdhwynfiryu6xp0,3sjku2bkvf3ucincqqrdfb5qt,Main,Cesar,Deischler Keller
10,71urz6or373xk6iwl09hvly0a,146euhkvq02nt3e2xmjj2xec5,Main,Felipe,González
11,9pvq78gijvvhyyc6ujqjf6g6i,cxwtwi9ajgsk722gyx0z1u1nt,Main,Cristián,Garay
12,17et6fhgyf6mzhey69rfuhd04,cuapik73lbjb3hs2i3mknrdn9,Main,Angelo,Hermosilla Baeza
13,e3vkr08m8zbsa20k90v2gmvsa,1gx1t3b7wly7oc5vr3wh0im6t,Main,Héctor,Jona
14,9oemkgs5xvboxpfmt3b1ffjai,anio29mkhwvnvab3u2wja44b9,Main,Cristián,Droguett
15,6xh7e6om0s7btpyvxdqjn8iga,cu7ci03zhoqbkksx3teze4z4l,Main,Christian,Rojas Concha
16,60mfls8gz3i03rm7ngwt2nsic,x2upnj63oeg29xy6grnht6tx,Main,José,Cabero
17,8hlp7dbw7l4qoru8xyhrslhxw,anio29mkhwvnvab3u2wja44b9,Main,Cristián,Droguett
18,17aseptr0oghkdrecis5a2uqc,9569319nd666f0px1osmijaad,Main,Nicolás,Gamboa
19,e9axi9mf196lpaqeizu8nbqlm,x2upnj63oeg29xy6grnht6tx,Main,José,Cabero
20,6102amel9f7hdouijnqtxtlas,cz6o200s15qzw4zd553uoxmnd,Main,Fernando,Vejar
21,6xz3yiwldqt1w7aqvq1xeicmi,146euhkvq02nt3e2xmjj2xec5,Main,Felipe,González
22,9otzyoawtogytbhzdg1jyjlnu,za51q6ddigxbui5zrqyrcatx,Main,Francisco,Gilabert
23,bf2bjt3l2nkkesrykjnkd66ay,x2upnj63oeg29xy6grnht6tx,Main,José,Cabero
24,2lt3n7w69agx5dtse95x4q2ac,cu7ci03zhoqbkksx3teze4z4l,Main,Christian,Rojas Concha
25,71z6grckaip7okdybrw8kmn3e,8k4mjxysjcwppmkgf3w3yyfsa,Main,Rodrigo,Carvajal
26,e3zaw2rsfywquz83q5hhubxwq,7q8sht2dkjxotgv6aycdquuol,Main,Julio,Bascuñán González
27,70sp712dzozu83zn19ndxgktm,cu7ci03zhoqbkksx3teze4z4l,Main,Christian,Rojas Concha
28,6yp59qgbocjekewamezodeiju,2j5huz5yiovui5mxkeuoaymll,Main,Gustavo,Ahumada
29,35obr9fepwmogw4nbakmxa2vo,anoszr3nonhgu2rok4ndw005x,Main,Piero,Maza Gomez
30,71jxvrc1ooae2mjmljls44aju,za51q6ddigxbui5zrqyrcatx,Main,Francisco,Gilabert
31,e9181nqzwbsc9ay94j8z0xkkq,za51q6ddigxbui5zrqyrcatx,Main,Francisco,Gilabert
32,6ycf7lvmrxbmwgdt933n6xw16,anoszr3nonhgu2rok4ndw005x,Main,Piero,Maza Gomez
33,6z0obwx9bj45vvmfcms5x1x0q,x2upnj63oeg29xy6grnht6tx,Main,José,Cabero
34,24t4j91j08jwqua5w8c8t69gq,1gx1t3b7wly7oc5vr3wh0im6t,Main,Héctor,Jona
35,70mvvny3df877fwgwzj6cwne2,za51q6ddigxbui5zrqyrcatx,Main,Francisco,Gilabert
36,8gkyitpbqu4gncbasn4y845qs,2j5huz5yiovui5mxkeuoaymll,Main,Gustavo,Ahumada
37,8gg6o7zfkx7mz7vq1xn82m238,146euhkvq02nt3e2xmjj2xec5,Main,Felipe,González
38,18ofwh6krv57uot3vmtym6iqy,x2upnj63oeg29xy6grnht6tx,Main,José,Cabero
39,6yilqf9wqaytloo1ufvvems8a,cxwtwi9ajgsk722gyx0z1u1nt,Main,Cristián,Garay
40,bevmy56p5istuapyutredlrai,93efhfwd2ourijcp2mz0rcoa1,Main,Juan,Lara
41,2lqt518z1rawccx8zc9dof5lg,146euhkvq02nt3e2xmjj2xec5,Main,Felipe,González
42,e8ew00ocdykl8753d7aqzq0yy,146euhkvq02nt3e2xmjj2xec5,Main,Felipe,González
43,9pcxu7kk2foxef6vi5x4vmr8q,9569319nd666f0px1osmijaad,Main,Nicolás,Gamboa
44,24j1k31dhx7s0xvm9n7r5dysq,9569319nd666f0px1osmijaad,Main,Nicolás,Gamboa
45,60r1qnh6c0ae22xy0t2ke3wno,1gx1t3b7wly7oc5vr3wh0im6t,Main,Héctor,Jona
46,bdzbmw68serf08gtxy2ua68h6,3sjku2bkvf3ucincqqrdfb5qt,Main,Cesar,Deischler Keller
47,353ut94dtlsaju9om9mhat65m,93efhfwd2ourijcp2mz0rcoa1,Main,Juan,Lara
48,9nuvceah6ha40t1h0d4hnm2qy,cz6o200s15qzw4zd553uoxmnd,Main,Fernando,Vejar
49,35s871z8rhmzupgr40su48u1g,za51q6ddigxbui5zrqyrcatx,Main,Francisco,Gilabert
50,9o493mo2l8s2gxuqtkduwpv8q,1gx1t3b7wly7oc5vr3wh0im6t,Main,Héctor,Jona
51,e3ew48s2n2ww8nudmdml1rwiy,7q8sht2dkjxotgv6aycdquuol,Main,Julio,Bascuñán González
52,24fzxu33rwgqix85uex8t6iy2,146euhkvq02nt3e2xmjj2xec5,Main,Felipe,González
53,357wqv3701a2eyxu8may6xk6i,cz6o200s15qzw4zd553uoxmnd,Main,Fernando,Vejar
54,35pyyyy6avswfe0hr2d22584q,9569319nd666f0px1osmijaad,Main,Nicolás,Gamboa
55,e2zam7sz5vcc1i3oj32383uqy,cz6o200s15qzw4zd553uoxmnd,Main,Fernando,Vejar
56,2lod9gseocpm2csgzhjpfrxn8,93efhfwd2ourijcp2mz0rcoa1,Main,Juan,Lara
57,24691gfjwxnynsdgm0ajk5w8a,93efhfwd2ourijcp2mz0rcoa1,Main,Juan,Lara
58,e8ikyn9qvtwprhmq4w8mcohgq,5mcba1wi9jxy1w7u4yxjkdgid,Main,Eduardo,Gamboa Latourniere
59,8gj2g3tf58vnofhpijtdg5d78,5mcba1wi9jxy1w7u4yxjkdgid,Main,Eduardo,Gamboa Latourniere
60,19as5aflla0mxebhrhgwlewru,146euhkvq02nt3e2xmjj2xec5,Main,Felipe,González
61,e8u3rr2m5f99yd8ipigwashnu,5mcba1wi9jxy1w7u4yxjkdgid,Main,Eduardo,Gamboa Latourniere
62,6193r3nx4zpflk0k493zetnh0,7q8sht2dkjxotgv6aycdquuol,Main,Julio,Bascuñán González
63,35dbqror24rncs5jsmsrw19ii,cuapik73lbjb3hs2i3mknrdn9,Main,Angelo,Hermosilla Baeza
64,9q2kjf87buyy2jcqhpm1e23xm,2j5huz5yiovui5mxkeuoaymll,Main,Gustavo,Ahumada
65,60xsjzadmkabw8h8cn1cd2y38,5mcba1wi9jxy1w7u4yxjkdgid,Main,Eduardo,Gamboa Latourniere
66,e8pq3z0oo127rh7brzqtm2i5m,93efhfwd2ourijcp2mz0rcoa1,Main,Juan,Lara
67,24cy4hy04ahy82frkcusfpqp6,5mcba1wi9jxy1w7u4yxjkdgid,Main,Eduardo,Gamboa Latourniere
68,8hr5ok4batskzdvznvm0c8kk4,7q8sht2dkjxotgv6aycdquuol,Main,Julio,Bascuñán González
69,e9kndb1sooxtzw0qm0s2cl27e,7q8sht2dkjxotgv6aycdquuol,Main,Julio,Bascuñán González
70,9plife5g642pjqc0z00otp84q,anio29mkhwvnvab3u2wja44b9,Main,Cristián,Droguett
71,60dttf1nc5hs8k817t02716hg,93efhfwd2ourijcp2mz0rcoa1,Main,Juan,Lara
72,e438sb0278uym251id1by15yi,8k4mjxysjcwppmkgf3w3yyfsa,Main,Rodrigo,Carvajal
73,e4i6zutpz5eyuxgoa9tyegqy2,146euhkvq02nt3e2xmjj2xec5,Main,Felipe,González
74,71onszzpvq0xpag6fm1pp1sa2,cz6o200s15qzw4zd553uoxmnd,Main,Fernando,Vejar
75,6yruifsfsg9l59g2gorbdt0tm,anoszr3nonhgu2rok4ndw005x,Main,Piero,Maza Gomez
76,70zpvcukhzn1s891qmo6gneqy,9569319nd666f0px1osmijaad,Main,Nicolás,Gamboa
77,71ria8e7shav0bri3ud4r3td6,x2upnj63oeg29xy6grnht6tx,Main,José,Cabero
78,60vjfhyjbm2fxu3k77h72cy6s,za51q6ddigxbui5zrqyrcatx,Main,Francisco,Gilabert
79,191g99vlhfed82gq6lput4mzu,5mcba1wi9jxy1w7u4yxjkdgid,Main,Eduardo,Gamboa Latourniere
80,6xmgw01uptguhezw7cseso7ze,8k4mjxysjcwppmkgf3w3yyfsa,Main,Rodrigo,Carvajal
81,8gougvfculokyk59aynx7pp1w,cz6o200s15qzw4zd553uoxmnd,Main,Fernando,Vejar
82,2leucnteakkm2gso826ri8tn8,9569319nd666f0px1osmijaad,Main,Nicolás,Gamboa
83,8hi0aoalf2dotlgz0ir3hfevo,1gx1t3b7wly7oc5vr3wh0im6t,Main,Héctor,Jona
84,2lcgr0c1fucvo1fsfo9bdqo7o,7q8sht2dkjxotgv6aycdquuol,Main,Julio,Bascuñán González
85,713kacspm6bok296s673dg7e2,5mcba1wi9jxy1w7u4yxjkdgid,Main,Eduardo,Gamboa Latourniere
86,e80gzl00z62u0g1cxlfftvnmy,3sjku2bkvf3ucincqqrdfb5qt,Main,Cesar,Deischler Keller
87,24zgio444f28v15f308tgu3qi,x2upnj63oeg29xy6grnht6tx,Main,José,Cabero
88,be7bomktaffjsfnx8wxhaocbu,7q8sht2dkjxotgv6aycdquuol,Main,Julio,Bascuñán González
89,2m5ademy26rgmkcxhh6zo6iac,93efhfwd2ourijcp2mz0rcoa1,Main,Juan,Lara
90,35wrvtp5973jaejc7ucm0n2tw,93efhfwd2ourijcp2mz0rcoa1,Main,Juan,Lara
91,8he9208occ04jkv0mtnu56mtw,7q8sht2dkjxotgv6aycdquuol,Main,Julio,Bascuñán González
92,6129l2l3lp5g2ibgvssvmmxp0,cxwtwi9ajgsk722gyx0z1u1nt,Main,Cristián,Garay
93,72fku32hn7i5mrsdqhnt2cpka,cu7ci03zhoqbkksx3teze4z4l,Main,Christian,Rojas Concha
94,24a1ng586qeaocxjvqkd6hv8q,cz6o200s15qzw4zd553uoxmnd,Main,Fernando,Vejar
95,35ytcd6tzse20mke2oak8zjmc,x2upnj63oeg29xy6grnht6tx,Main,José,Cabero
96,360n23cxpuafl0830v2vyhs0k,8k4mjxysjcwppmkgf3w3yyfsa,Main,Rodrigo,Carvajal
97,e329przpun8rxaesuubk3f0bu,anio29mkhwvnvab3u2wja44b9,Main,Cristián,Droguett
98,71dbke1yzqhkhru9gqno46nvu,2j5huz5yiovui5mxkeuoaymll,Main,Gustavo,Ahumada
99,6y20tzelpyuu805clkfjmdisq,7mj4c07htryjbvbsmkyzownv9,Main,Roberto,Tobar Vargas
100,ber86pow1qdsaofbk7zf7udey,5mcba1wi9jxy1w7u4yxjkdgid,Main,Eduardo,Gamboa Latourniere
101,e4ll389nfnezsaiz6vxcrfkve,anio29mkhwvnvab3u2wja44b9,Main,Cristián,Droguett
102,8ht4g5bca6ua7kj63hsdw0g7o,5mcba1wi9jxy1w7u4yxjkdgid,Main,Eduardo,Gamboa Latourniere
103,60kb3svmq1e6q9wcus6lorvv8,za51q6ddigxbui5zrqyrcatx,Main,Francisco,Gilabert
104,bentjeoraqf0doi7k16xldhey,146euhkvq02nt3e2xmjj2xec5,Main,Felipe,González
105,e3luy7935wws1ieh9ufu1y44q,za51q6ddigxbui5zrqyrcatx,Main,Francisco,Gilabert
106,9oye8nfasqzjn0rhbkb0lm0ru,8k4mjxysjcwppmkgf3w3yyfsa,Main,Rodrigo,Carvajal
107,9pz6fw8k6dahow8rddtrro7e2,cuapik73lbjb3hs2i3mknrdn9,Main,Angelo,Hermosilla Baeza
108,24m4r720dnd7dxo9r7ep138fe,anio29mkhwvnvab3u2wja44b9,Main,Cristián,Droguett
109,9q5w4ab1jy7mwga65wmmnrl2i,7q8sht2dkjxotgv6aycdquuol,Main,Julio,Bascuñán González
110,9p2f4vghjym3sljohurvpjdyi,5mcba1wi9jxy1w7u4yxjkdgid,Main,Eduardo,Gamboa Latourniere
111,8hpebl4rdv4a4hs8k6raj0bo4,za51q6ddigxbui5zrqyrcatx,Main,Francisco,Gilabert
112,6yxh7apnh9sqsbe613znwm5pm,5mcba1wi9jxy1w7u4yxjkdgid,Main,Eduardo,Gamboa Latourniere
113,194ksppj2qlhefg3bw621r3ai,cxwtwi9ajgsk722gyx0z1u1nt,Main,Cristián,Garay
114,60fz25z85yum5lpbzzemvc0t0,1wpaj35q0nz0pikc51q2wwvs9,Main,Benjamín,Saravia
115,60tcbl4hxj9axmisn85dfq9lg,3sjku2bkvf3ucincqqrdfb5qt,Main,Cesar,Deischler Keller
116,e8bsx8f1zwmlk9q67akszuq22,7mj4c07htryjbvbsmkyzownv9,Main,Roberto,Tobar Vargas
117,8hnm4n4vy4yhtbn5s71obufpw,anoszr3nonhgu2rok4ndw005x,Main,Piero,Maza Gomez
118,723gg3nwo0crqukff3img3kh6,1gx1t3b7wly7oc5vr3wh0im6t,Main,Héctor,Jona
119,8hg580rdscj16m2819527hlhw,cxwtwi9ajgsk722gyx0z1u1nt,Main,Cristián,Garay
120,34xz3fl08dq5bzkq4swrobhpm,x2upnj63oeg29xy6grnht6tx,Main,José,Cabero
121,60orkxc28woat5n3bcv00i13o,8k4mjxysjcwppmkgf3w3yyfsa,Main,Rodrigo,Carvajal
122,bf8ysid9xcrrsxu7a6bz3z816,2j5huz5yiovui5mxkeuoaymll,Main,Gustavo,Ahumada
123,35q6ydmmyek2pccgcf5iib1g4,cu7ci03zhoqbkksx3teze4z4l,Main,Christian,Rojas Concha
124,e84v6l832ohamgmxob40jly0a,1gx1t3b7wly7oc5vr3wh0im6t,Main,Héctor,Jona
125,bfewg7qtu12klcloxrthvudey,anio29mkhwvnvab3u2wja44b9,Main,Cristián,Droguett
126,8hju0vykbxq6tbfh96ve3epzo,cuapik73lbjb3hs2i3mknrdn9,Main,Angelo,Hermosilla Baeza
127,befyzoba9cxb47e33kt4xpwmi,9569319nd666f0px1osmijaad,Main,Nicolás,Gamboa
128,bebrv95o10rckgmkngfszrnfu,za51q6ddigxbui5zrqyrcatx,Main,Francisco,Gilabert
129,361wxe0h46utsvq3bjrsojt62,cu7ci03zhoqbkksx3teze4z4l,Main,Christian,Rojas Concha
130,e3sgrodbr06om43h2d26v5f1m,za51q6ddigxbui5zrqyrcatx,Main,Francisco,Gilabert
131,2m7oo8q4v17yfd8dzdfqij47o,cxwtwi9ajgsk722gyx0z1u1nt,Main,Cristián,Garay
132,bf5lfoe7133trc0a7bfzfcokq,146euhkvq02nt3e2xmjj2xec5,Main,Felipe,González
133,e3b31u17ert51qspdb7xsaq22,8k4mjxysjcwppmkgf3w3yyfsa,Main,Rodrigo,Carvajal
134,716t8m2ono48rvqj7v76k6yy2,7q8sht2dkjxotgv6aycdquuol,Main,Julio,Bascuñán González
135,2lxymolbua5101o7loypl90yc,1gx1t3b7wly7oc5vr3wh0im6t,Main,Héctor,Jona
136,e3660rpp9nsy7y59d3vh26nhm,93efhfwd2ourijcp2mz0rcoa1,Main,Juan,Lara
137,6y7vsn2lg19h8cvs8l418snl6,7q8sht2dkjxotgv6aycdquuol,Main,Julio,Bascuñán González
138,e3p3x1v6vj07zxwpx1y165bai,146euhkvq02nt3e2xmjj2xec5,Main,Felipe,González
139,2meyh9rdm8wf1d4xvqz4dtzis,za51q6ddigxbui5zrqyrcatx,Main,Francisco,Gilabert
140,2lvm99hhqya6wc6tgycttypec,anio29mkhwvnvab3u2wja44b9,Main,Cristián,Droguett
141,6xpky81m8uvumwk2hkbqosa5m,1gx1t3b7wly7oc5vr3wh0im6t,Main,Héctor,Jona
142,6ym9dsw0dj09hkaogeek8lkdm,za51q6ddigxbui5zrqyrcatx,Main,Francisco,Gilabert
143,e88gat05jrffi0pb7zedkbalm,za51q6ddigxbui5zrqyrcatx,Main,Francisco,Gilabert
144,2ma0jefw6x5xg07kq1oprpbmc,9569319nd666f0px1osmijaad,Main,Nicolás,Gamboa
145,616vsh5ee017gsvcmksmhfsb8,3sjku2bkvf3ucincqqrdfb5qt,Main,Cesar,Deischler Keller
146,9p84t2hzs0vxene7gnpe8imi2,1gx1t3b7wly7oc5vr3wh0im6t,Main,Héctor,Jona
147,e2txlbsq0t9shu593pr80st4a,1gx1t3b7wly7oc5vr3wh0im6t,Main,Héctor,Jona
148,3666dznk2dr3vdmzw5rnfhiei,7mj4c07htryjbvbsmkyzownv9,Main,Roberto,Tobar Vargas
149,2l917o2hvl1y8vh4cjz86cjys,1gx1t3b7wly7oc5vr3wh0im6t,Main,Héctor,Jona
150,8gmv1qijaetr4t3ewc4e15ij8,za51q6ddigxbui5zrqyrcatx,Main,Francisco,Gilabert
151,9o9ji2f68p2wuser85d3ah9wq,93efhfwd2ourijcp2mz0rcoa1,Main,Juan,Lara
152,e9odinto5tgtev5tv8iv4wep6,cuapik73lbjb3hs2i3mknrdn9,Main,Angelo,Hermosilla Baeza
153,9pg2evs77obh70jmd5wa7lsh6,x2upnj63oeg29xy6grnht6tx,Main,José,Cabero
154,362qf7qwwf5o21gwe3hlw7k7o,3sjku2bkvf3ucincqqrdfb5qt,Main,Cesar,Deischler Keller
155,e8lh2bhu1yzkk1snzlr78qusq,anoszr3nonhgu2rok4ndw005x,Main,Piero,Maza Gomez
156,6xvvx278kjjdep0f9uv3jo8yy,9569319nd666f0px1osmijaad,Main,Nicolás,Gamboa
157,e97sbhywcohl2jbzelfi3xnxm,7q8sht2dkjxotgv6aycdquuol,Main,Julio,Bascuñán González
158,2ljlhzxx4wsr3g5dzkgf14ys4,x2upnj63oeg29xy6grnht6tx,Main,José,Cabero
159,e3ivkmgycpwfrl2n0p9x6f8fe,x2upnj63oeg29xy6grnht6tx,Main,José,Cabero
160,bfc2u5g9u73b92gdojhvmqs16,8k4mjxysjcwppmkgf3w3yyfsa,Main,Rodrigo,Carvajal
161,6xszsf73jq5za2sb00qx4pox6,5mcba1wi9jxy1w7u4yxjkdgid,Main,Eduardo,Gamboa Latourniere
162,70vwyqcnbt33kehjonqfsff56,146euhkvq02nt3e2xmjj2xec5,Main,Felipe,González
163,e8xk566qpqwg52yldys0x3luy,cuapik73lbjb3hs2i3mknrdn9,Main,Angelo,Hermosilla Baeza
164,e942lemd4mqsxtbxiv50i4h9m,146euhkvq02nt3e2xmjj2xec5,Main,Felipe,González
165,35ug5l2v33nvpfys0c2qkr9qs,7q8sht2dkjxotgv6aycdquuol,Main,Julio,Bascuñán González
166,60i5z3gp3raro8v8m64nhopw4,cz6o200s15qzw4zd553uoxmnd,Main,Fernando,Vejar
167,9op4djb93ljpuxyrewfe4h2ei,x2upnj63oeg29xy6grnht6tx,Main,José,Cabero
168,61dcbsb7t5bqieovumx25xes4,93efhfwd2ourijcp2mz0rcoa1,Main,Juan,Lara
169,bekwil36ammqt8qb5dymm4l7u,2j5huz5yiovui5mxkeuoaymll,Main,Gustavo,Ahumada
170,6yfvv7k87kyjyu96eb4rmzqei,9569319nd666f0px1osmijaad,Main,Nicolás,Gamboa
171,61beqwnm85nrm12tf1cl7ciz8,8k4mjxysjcwppmkgf3w3yyfsa,Main,Rodrigo,Carvajal
172,719x49v94nzl698q2kqx9wiga,3sjku2bkvf3ucincqqrdfb5qt,Main,Cesar,Deischler Keller
173,bez251din9r8qm5uk5h72eru2,5mcba1wi9jxy1w7u4yxjkdgid,Main,Eduardo,Gamboa Latourniere
174,bfl2rbjqjw6l600unlzyqjo16,9569319nd666f0px1osmijaad,Main,Nicolás,Gamboa
175,be387kr5cz9i8libgnyfw5kdm,8k4mjxysjcwppmkgf3w3yyfsa,Main,Rodrigo,Carvajal
176,197v28lujrhutjesetsclnfca,7q8sht2dkjxotgv6aycdquuol,Main,Julio,Bascuñán González
177,8hv0maqpub8hr05p84rgdklck,x2upnj63oeg29xy6grnht6tx,Main,José,Cabero
178,6y4yw6xt5aibhzt7g9vgdtfu2,cxwtwi9ajgsk722gyx0z1u1nt,Main,Cristián,Garay
179,173c8rtrj88eptu65jks9bhg4,5mcba1wi9jxy1w7u4yxjkdgid,Main,Eduardo,Gamboa Latourniere
180,2m2tkp88wqo6lxp39cw9wgowk,x2upnj63oeg29xy6grnht6tx,Main,José,Cabero
181,71ghet1v7h8riqtzbcjd1afl6,anio29mkhwvnvab3u2wja44b9,Main,Cristián,Droguett
182,35ijq76er8p2f7v0rd4s8s8kq,146euhkvq02nt3e2xmjj2xec5,Main,Felipe,González
183,2lh9d2t2bxocxldsaf3ns3i1g,cz6o200s15qzw4zd553uoxmnd,Main,Fernando,Vejar
184,9pqn0xp8a8ubg1twm305ibnmy,93efhfwd2ourijcp2mz0rcoa1,Main,Juan,Lara
185,18sc8umawu7jp8f65hjcnnuqy,cuapik73lbjb3hs2i3mknrdn9,Main,Angelo,Hermosilla Baeza
186,727zsfy4o39x7kqkmmp4o2lpm,7q8sht2dkjxotgv6aycdquuol,Main,Julio,Bascuñán González
187,72cjc9ptw5tb538qjy0fmylbe,9569319nd666f0px1osmijaad,Main,Nicolás,Gamboa
188,e9etk1zchj8zhlgnbaefvcrqi,anoszr3nonhgu2rok4ndw005x,Main,Piero,Maza Gomez
189,8hx5l7hccjkosotqxz7tfan10,7mj4c07htryjbvbsmkyzownv9,Main,Roberto,Tobar Vargas
190,35l51noj0croxackk6i4d1zbo,9569319nd666f0px1osmijaad,Main,Nicolás,Gamboa
191,24po3gskaeax4azyjk30r3dka,3sjku2bkvf3ucincqqrdfb5qt,Main,Cesar,Deischler Keller
192,e4et52zcrcefo2askg3hao60a,9569319nd666f0px1osmijaad,Main,Nicolás,Gamboa
193,37vm91kjjjdhjsohmnxjuj9t6,3sjku2bkvf3ucincqqrdfb5qt,Main,Cesar,Deischler Keller
194,8hc9gmng605wwixfjsn4v60b8,anoszr3nonhgu2rok4ndw005x,Main,Piero,Maza Gomez
195,24w5grlqt6w262h5xf9dnoj8q,93efhfwd2ourijcp2mz0rcoa1,Main,Juan,Lara
196,18v4yo6lnrquffm7nk3fjxgtm,za51q6ddigxbui5zrqyrcatx,Main,Francisco,Gilabert
197,bfibgdc0gwe27rs4cjlh0lxt6,za51q6ddigxbui5zrqyrcatx,Main,Francisco,Gilabert
198,60aloysx2iauzhnfx11bkp1xw,146euhkvq02nt3e2xmjj2xec5,Main,Felipe,González
